stratum_type,stratum,allele,record_count,occurrence_total,occurrence_binder_10,occurrence_binder_10_rate,occurrence_strong,occurrence_strong_rate
query_genotype,B,HLA-DQA1*01:01/DQB1*05:01,595,100555,13475,0.13400626522798467,5316,0.05286659042315151
query_genotype,B,HLA-DQA1*01:02/DQB1*06:02,595,100555,10469,0.10411217741534484,2185,0.021729401819899557
query_genotype,B,HLA-DQA1*03:01/DQB1*03:02,595,100555,10445,0.10387350206354731,3439,0.034200188951320175
query_genotype,B,HLA-DQA1*03:03/DQB1*04:01,595,100555,7432,0.07390980060663319,998,0.00992491671224703
query_genotype,B,HLA-DQA1*05:01/DQB1*02:01,595,100555,9106,0.09055740639451047,5023,0.04995276216995674
query_genotype,B,HLA-DQA1*05:08/DQB1*03:01,595,100555,274,0.0027248769330217295,6,5.9668837949380936e-05
query_genotype,B,HLA-DQA1*06:01/DQB1*03:01,595,100555,836,0.008313858087613743,6,5.9668837949380936e-05
query_genotype,C,HLA-DQA1*01:01/DQB1*05:01,943,159361,21665,0.13594919710594186,8526,0.05350117029888116
query_genotype,C,HLA-DQA1*01:02/DQB1*06:02,943,159361,16036,0.10062687859639435,3522,0.022100764929938944
query_genotype,C,HLA-DQA1*03:01/DQB1*03:02,943,159361,16895,0.10601715601684226,5555,0.034857963993699836
query_genotype,C,HLA-DQA1*03:03/DQB1*04:01,943,159361,12469,0.07824373592033182,1551,0.009732619649726094
query_genotype,C,HLA-DQA1*05:01/DQB1*02:01,943,159361,14391,0.09030440321032122,8198,0.051442950282691496
query_genotype,C,HLA-DQA1*05:08/DQB1*03:01,943,159361,312,0.001957819039790162,14,8.785085434955855e-05
query_genotype,C,HLA-DQA1*06:01/DQB1*03:01,943,159361,1254,0.007868926525310458,15,9.412591537452702e-05
region,East Asia,HLA-DQA1*01:01/DQB1*05:01,1032,174413,23675,0.13574102847838176,9308,0.05336758154495364
region,East Asia,HLA-DQA1*01:02/DQB1*06:02,1032,174413,17739,0.10170686818069755,3853,0.02209124319861478
region,East Asia,HLA-DQA1*03:01/DQB1*03:02,1032,174413,18354,0.10523298148647177,6028,0.03456164391415777
region,East Asia,HLA-DQA1*03:03/DQB1*04:01,1032,174413,13473,0.07724768222552218,1674,0.00959790841279033
region,East Asia,HLA-DQA1*05:01/DQB1*02:01,1032,174413,15801,0.09059531112933096,8917,0.05112577617494109
region,East Asia,HLA-DQA1*05:08/DQB1*03:01,1032,174413,385,0.0022074042645903688,14,8.026924598510432e-05
region,East Asia,HLA-DQA1*06:01/DQB1*03:01,1032,174413,1397,0.008009724045799338,15,8.600276355546891e-05
region,Latin America,HLA-DQA1*01:01/DQB1*05:01,2,338,37,0.10946745562130178,15,0.04437869822485207
region,Latin America,HLA-DQA1*01:02/DQB1*06:02,2,338,36,0.10650887573964497,4,0.011834319526627219
region,Latin America,HLA-DQA1*03:01/DQB1*03:02,2,338,32,0.09467455621301775,12,0.03550295857988166
region,Latin America,HLA-DQA1*03:03/DQB1*04:01,2,338,22,0.0650887573964497,0,0.0
region,Latin America,HLA-DQA1*05:01/DQB1*02:01,2,338,30,0.08875739644970414,15,0.04437869822485207
region,Latin America,HLA-DQA1*05:08/DQB1*03:01,2,338,5,0.014792899408284023,0,0.0
region,Latin America,HLA-DQA1*06:01/DQB1*03:01,2,338,5,0.014792899408284023,0,0.0
region,North America,HLA-DQA1*01:01/DQB1*05:01,32,5408,729,0.13480029585798817,293,0.054178994082840236
region,North America,HLA-DQA1*01:02/DQB1*06:02,32,5408,513,0.09485946745562131,110,0.020340236686390532
region,North America,HLA-DQA1*03:01/DQB1*03:02,32,5408,579,0.10706360946745562,195,0.036057692307692304
region,North America,HLA-DQA1*03:03/DQB1*04:01,32,5408,379,0.07008136094674557,59,0.010909763313609468
region,North America,HLA-DQA1*05:01/DQB1*02:01,32,5408,484,0.08949704142011834,286,0.052884615384615384
region,North America,HLA-DQA1*05:08/DQB1*03:01,32,5408,7,0.0012943786982248522,0,0.0
region,North America,HLA-DQA1*06:01/DQB1*03:01,32,5408,58,0.010724852071005916,0,0.0
region,Other/Unmapped,HLA-DQA1*01:01/DQB1*05:01,34,5746,764,0.13296206056387053,302,0.05255830142707971
region,Other/Unmapped,HLA-DQA1*01:02/DQB1*06:02,34,5746,618,0.10755308040375913,126,0.021928297946397494
region,Other/Unmapped,HLA-DQA1*03:01/DQB1*03:02,34,5746,599,0.10424643230073094,201,0.03498085624782457
region,Other/Unmapped,HLA-DQA1*03:03/DQB1*04:01,34,5746,419,0.07292029237730595,61,0.010616080751827359
region,Other/Unmapped,HLA-DQA1*05:01/DQB1*02:01,34,5746,528,0.09189001044204664,285,0.0495997215454229
region,Other/Unmapped,HLA-DQA1*05:08/DQB1*03:01,34,5746,14,0.0024364775495997215,0,0.0
region,Other/Unmapped,HLA-DQA1*06:01/DQB1*03:01,34,5746,46,0.008005569091541943,0,0.0
region,South Asia,HLA-DQA1*01:01/DQB1*05:01,50,8450,1158,0.1370414201183432,447,0.05289940828402367
region,South Asia,HLA-DQA1*01:02/DQB1*06:02,50,8450,817,0.09668639053254438,178,0.02106508875739645
region,South Asia,HLA-DQA1*03:01/DQB1*03:02,50,8450,889,0.10520710059171598,286,0.033846153846153845
region,South Asia,HLA-DQA1*03:03/DQB1*04:01,50,8450,652,0.07715976331360946,87,0.01029585798816568
region,South Asia,HLA-DQA1*05:01/DQB1*02:01,50,8450,766,0.0906508875739645,423,0.05005917159763314
region,South Asia,HLA-DQA1*05:08/DQB1*03:01,50,8450,16,0.001893491124260355,0,0.0
region,South Asia,HLA-DQA1*06:01/DQB1*03:01,50,8450,64,0.00757396449704142,0,0.0
region,Southeast Asia,HLA-DQA1*01:01/DQB1*05:01,310,52389,7021,0.13401668289144666,2777,0.053007310694993225
region,Southeast Asia,HLA-DQA1*01:02/DQB1*06:02,310,52389,5418,0.10341865658821509,1151,0.02197026093263853
region,Southeast Asia,HLA-DQA1*03:01/DQB1*03:02,310,52389,5494,0.10486934280096967,1809,0.034530149458855866
region,Southeast Asia,HLA-DQA1*03:03/DQB1*04:01,310,52389,3971,0.07579835461642712,545,0.01040294718356907
region,Southeast Asia,HLA-DQA1*05:01/DQB1*02:01,310,52389,4696,0.08963713756704651,2613,0.0498768825516807
region,Southeast Asia,HLA-DQA1*05:08/DQB1*03:01,310,52389,128,0.0024432609899024604,6,0.00011452785890167783
region,Southeast Asia,HLA-DQA1*06:01/DQB1*03:01,310,52389,415,0.007921510240699384,6,0.00011452785890167783
region,Unknown,HLA-DQA1*01:01/DQB1*05:01,78,13172,1756,0.13331308836926814,700,0.053143030671120556
region,Unknown,HLA-DQA1*01:02/DQB1*06:02,78,13172,1364,0.10355299119344064,285,0.021636805344670513
region,Unknown,HLA-DQA1*03:01/DQB1*03:02,78,13172,1393,0.10575463103552991,463,0.035150318858184024
region,Unknown,HLA-DQA1*03:03/DQB1*04:01,78,13172,985,0.07477983601579107,123,0.009337989675068327
region,Unknown,HLA-DQA1*05:01/DQB1*02:01,78,13172,1192,0.09049498937139387,682,0.05177649559672032
region,Unknown,HLA-DQA1*05:08/DQB1*03:01,78,13172,31,0.002353477072578196,0,0.0
region,Unknown,HLA-DQA1*06:01/DQB1*03:01,78,13172,105,0.007971454600668084,0,0.0
country,Bangladesh,HLA-DQA1*01:01/DQB1*05:01,30,5070,696,0.13727810650887573,268,0.05285996055226824
country,Bangladesh,HLA-DQA1*01:02/DQB1*06:02,30,5070,488,0.09625246548323471,112,0.022090729783037475
country,Bangladesh,HLA-DQA1*03:01/DQB1*03:02,30,5070,534,0.10532544378698225,171,0.03372781065088758
country,Bangladesh,HLA-DQA1*03:03/DQB1*04:01,30,5070,392,0.07731755424063116,55,0.010848126232741617
country,Bangladesh,HLA-DQA1*05:01/DQB1*02:01,30,5070,458,0.0903353057199211,256,0.0504930966469428
country,Bangladesh,HLA-DQA1*05:08/DQB1*03:01,30,5070,7,0.0013806706114398422,0,0.0
country,Bangladesh,HLA-DQA1*06:01/DQB1*03:01,30,5070,36,0.007100591715976331,0,0.0
country,China,HLA-DQA1*01:01/DQB1*05:01,912,154136,20941,0.13586053874500442,8237,0.05343981938028754
country,China,HLA-DQA1*01:02/DQB1*06:02,912,154136,15712,0.1019359526651788,3395,0.022026003010328542
country,China,HLA-DQA1*03:01/DQB1*03:02,912,154136,16219,0.1052252556184149,5314,0.034476047127212334
country,China,HLA-DQA1*03:03/DQB1*04:01,912,154136,11933,0.07741864327606789,1467,0.009517568900192038
country,China,HLA-DQA1*05:01/DQB1*02:01,912,154136,13958,0.09055639175792807,7871,0.05106529298801059
country,China,HLA-DQA1*05:08/DQB1*03:01,912,154136,354,0.0022966730679400012,14,9.082887839310739e-05
country,China,HLA-DQA1*06:01/DQB1*03:01,912,154136,1249,0.008103233508070795,15,9.731665542118648e-05
country,India,HLA-DQA1*01:01/DQB1*05:01,20,3380,462,0.1366863905325444,179,0.0529585798816568
country,India,HLA-DQA1*01:02/DQB1*06:02,20,3380,329,0.09733727810650887,66,0.01952662721893491
country,India,HLA-DQA1*03:01/DQB1*03:02,20,3380,355,0.10502958579881656,115,0.034023668639053255
country,India,HLA-DQA1*03:03/DQB1*04:01,20,3380,260,0.07692307692307693,32,0.009467455621301775
country,India,HLA-DQA1*05:01/DQB1*02:01,20,3380,308,0.09112426035502959,167,0.04940828402366864
country,India,HLA-DQA1*05:08/DQB1*03:01,20,3380,9,0.0026627218934911242,0,0.0
country,India,HLA-DQA1*06:01/DQB1*03:01,20,3380,28,0.008284023668639054,0,0.0
country,Indonesia,HLA-DQA1*01:01/DQB1*05:01,34,5746,781,0.13592064044552732,298,0.05186216498433693
country,Indonesia,HLA-DQA1*01:02/DQB1*06:02,34,5746,592,0.10302819352593108,132,0.02297250261051166
country,Indonesia,HLA-DQA1*03:01/DQB1*03:02,34,5746,595,0.10355029585798817,209,0.03637312913331013
country,Indonesia,HLA-DQA1*03:03/DQB1*04:01,34,5746,438,0.07622694048033414,67,0.011660285415941524
country,Indonesia,HLA-DQA1*05:01/DQB1*02:01,34,5746,503,0.08753915767490428,296,0.05151409676296554
country,Indonesia,HLA-DQA1*05:08/DQB1*03:01,34,5746,11,0.0019143752175426383,0,0.0
country,Indonesia,HLA-DQA1*06:01/DQB1*03:01,34,5746,45,0.007831534980856248,0,0.0
country,Japan,HLA-DQA1*01:01/DQB1*05:01,77,13008,1744,0.13407134071340712,684,0.052583025830258305
country,Japan,HLA-DQA1*01:02/DQB1*06:02,77,13008,1295,0.09955412054120541,289,0.02221709717097171
country,Japan,HLA-DQA1*03:01/DQB1*03:02,77,13008,1376,0.1057810578105781,465,0.035747232472324725
country,Japan,HLA-DQA1*03:03/DQB1*04:01,77,13008,1000,0.07687576875768758,121,0.009301968019680197
country,Japan,HLA-DQA1*05:01/DQB1*02:01,77,13008,1183,0.0909440344403444,670,0.05150676506765068
country,Japan,HLA-DQA1*05:08/DQB1*03:01,77,13008,23,0.0017681426814268142,0,0.0
country,Japan,HLA-DQA1*06:01/DQB1*03:01,77,13008,99,0.00761070110701107,0,0.0
country,Malaysia,HLA-DQA1*01:01/DQB1*05:01,97,16396,2182,0.13308123932666505,868,0.05293974140034155
country,Malaysia,HLA-DQA1*01:02/DQB1*06:02,97,16396,1751,0.10679434008294705,339,0.02067577457916565
country,Malaysia,HLA-DQA1*03:01/DQB1*03:02,97,16396,1697,0.10350085386679678,556,0.033910709929251034
country,Malaysia,HLA-DQA1*03:03/DQB1*04:01,97,16396,1255,0.07654305928275189,136,0.008294706025859966
country,Malaysia,HLA-DQA1*05:01/DQB1*02:01,97,16396,1480,0.0902659185167114,810,0.04940229324225421
country,Malaysia,HLA-DQA1*05:08/DQB1*03:01,97,16396,48,0.002927543303244694,0,0.0
country,Malaysia,HLA-DQA1*06:01/DQB1*03:01,97,16396,139,0.008477677482312759,0,0.0
country,Taiwan,HLA-DQA1*01:01/DQB1*05:01,37,6255,849,0.13573141486810553,333,0.053237410071942444
country,Taiwan,HLA-DQA1*01:02/DQB1*06:02,37,6255,630,0.10071942446043165,145,0.023181454836131096
country,Taiwan,HLA-DQA1*03:01/DQB1*03:02,37,6255,650,0.10391686650679456,213,0.03405275779376499
country,Taiwan,HLA-DQA1*03:03/DQB1*04:01,37,6255,468,0.07482014388489208,74,0.011830535571542766
country,Taiwan,HLA-DQA1*05:01/DQB1*02:01,37,6255,558,0.08920863309352518,322,0.051478816946442844
country,Taiwan,HLA-DQA1*05:08/DQB1*03:01,37,6255,8,0.001278976818545164,0,0.0
country,Taiwan,HLA-DQA1*06:01/DQB1*03:01,37,6255,43,0.0068745003996802554,0,0.0
country,United States,HLA-DQA1*01:01/DQB1*05:01,25,4225,591,0.13988165680473372,230,0.054437869822485205
country,United States,HLA-DQA1*01:02/DQB1*06:02,25,4225,436,0.10319526627218935,90,0.021301775147928994
country,United States,HLA-DQA1*03:01/DQB1*03:02,25,4225,457,0.10816568047337279,153,0.03621301775147929
country,United States,HLA-DQA1*03:03/DQB1*04:01,25,4225,304,0.07195266272189349,49,0.011597633136094675
country,United States,HLA-DQA1*05:01/DQB1*02:01,25,4225,378,0.08946745562130178,227,0.053727810650887574
country,United States,HLA-DQA1*05:08/DQB1*03:01,25,4225,3,0.0007100591715976331,0,0.0
country,United States,HLA-DQA1*06:01/DQB1*03:01,25,4225,48,0.01136094674556213,0,0.0
country,Unknown,HLA-DQA1*01:01/DQB1*05:01,78,13172,1756,0.13331308836926814,700,0.053143030671120556
country,Unknown,HLA-DQA1*01:02/DQB1*06:02,78,13172,1364,0.10355299119344064,285,0.021636805344670513
country,Unknown,HLA-DQA1*03:01/DQB1*03:02,78,13172,1393,0.10575463103552991,463,0.035150318858184024
country,Unknown,HLA-DQA1*03:03/DQB1*04:01,78,13172,985,0.07477983601579107,123,0.009337989675068327
country,Unknown,HLA-DQA1*05:01/DQB1*02:01,78,13172,1192,0.09049498937139387,682,0.05177649559672032
country,Unknown,HLA-DQA1*05:08/DQB1*03:01,78,13172,31,0.002353477072578196,0,0.0
country,Unknown,HLA-DQA1*06:01/DQB1*03:01,78,13172,105,0.007971454600668084,0,0.0
country,Viet Nam,HLA-DQA1*01:01/DQB1*05:01,149,25179,3374,0.13400055601890465,1343,0.053338099209658846
country,Viet Nam,HLA-DQA1*01:02/DQB1*06:02,149,25179,2569,0.10202946900194607,570,0.022637912546169425
country,Viet Nam,HLA-DQA1*03:01/DQB1*03:02,149,25179,2673,0.10615989515072084,861,0.03419516263552961
country,Viet Nam,HLA-DQA1*03:03/DQB1*04:01,149,25179,1904,0.07561857103141507,287,0.011398387545176535
country,Viet Nam,HLA-DQA1*05:01/DQB1*02:01,149,25179,2263,0.08987648437189721,1244,0.04940625124111363
country,Viet Nam,HLA-DQA1*05:08/DQB1*03:01,149,25179,65,0.002581516342984233,6,0.00023829381627546765
country,Viet Nam,HLA-DQA1*06:01/DQB1*03:01,149,25179,198,0.007863695937090432,6,0.00023829381627546765
year_bin,2005-2010,HLA-DQA1*01:01/DQB1*05:01,462,78072,10602,0.13579772517675992,4155,0.053220104518905624
year_bin,2005-2010,HLA-DQA1*01:02/DQB1*06:02,462,78072,7888,0.10103494210472384,1666,0.021339276565221846
year_bin,2005-2010,HLA-DQA1*03:01/DQB1*03:02,462,78072,8226,0.10536427912695973,2661,0.03408392253304642
year_bin,2005-2010,HLA-DQA1*03:03/DQB1*04:01,462,78072,5897,0.0755328414796598,711,0.009106978173993236
year_bin,2005-2010,HLA-DQA1*05:01/DQB1*02:01,462,78072,7022,0.08994261707142125,3947,0.05055589712060662
year_bin,2005-2010,HLA-DQA1*05:08/DQB1*03:01,462,78072,189,0.002420842299415924,4,5.123475765959627e-05
year_bin,2005-2010,HLA-DQA1*06:01/DQB1*03:01,462,78072,633,0.008107900399631109,4,5.123475765959627e-05
year_bin,2011-2015,HLA-DQA1*01:01/DQB1*05:01,415,70138,9471,0.1350337905272463,3751,0.053480281730303114
year_bin,2011-2015,HLA-DQA1*01:02/DQB1*06:02,415,70138,7149,0.10192762838974594,1543,0.021999486726168412
year_bin,2011-2015,HLA-DQA1*03:01/DQB1*03:02,415,70138,7300,0.10408052696113376,2410,0.03436083150360717
year_bin,2011-2015,HLA-DQA1*03:03/DQB1*04:01,415,70138,5519,0.07868772990390373,696,0.009923294077390288
year_bin,2011-2015,HLA-DQA1*05:01/DQB1*02:01,415,70138,6369,0.09080669537198095,3539,0.05045766916650033
year_bin,2011-2015,HLA-DQA1*05:08/DQB1*03:01,415,70138,170,0.002423793093615444,10,0.00014257606433032023
year_bin,2011-2015,HLA-DQA1*06:01/DQB1*03:01,415,70138,584,0.008326442156890702,11,0.00015683367076335225
year_bin,2016+,HLA-DQA1*01:01/DQB1*05:01,312,52726,7143,0.13547395971626902,2841,0.05388233509084702
year_bin,2016+,HLA-DQA1*01:02/DQB1*06:02,312,52726,5447,0.10330766604711149,1203,0.022816067974054548
year_bin,2016+,HLA-DQA1*03:01/DQB1*03:02,312,52726,5627,0.10672154155445131,1873,0.035523271251375034
year_bin,2016+,HLA-DQA1*03:03/DQB1*04:01,312,52726,4082,0.07741911011645108,561,0.010639911997875812
year_bin,2016+,HLA-DQA1*05:01/DQB1*02:01,312,52726,4793,0.09090391837044343,2729,0.05175814588628001
year_bin,2016+,HLA-DQA1*05:08/DQB1*03:01,312,52726,89,0.0016879717786291394,6,0.00011379585024466107
year_bin,2016+,HLA-DQA1*06:01/DQB1*03:01,312,52726,408,0.0077381178166369535,6,0.00011379585024466107
year_bin,Unknown,HLA-DQA1*01:01/DQB1*05:01,306,51713,6932,0.1340475315684644,2709,0.05238528029702396
year_bin,Unknown,HLA-DQA1*01:02/DQB1*06:02,306,51713,5318,0.10283681085993851,1141,0.022064084466188384
year_bin,Unknown,HLA-DQA1*03:01/DQB1*03:02,306,51713,5414,0.10469321060468355,1797,0.034749482721946126
year_bin,Unknown,HLA-DQA1*03:03/DQB1*04:01,306,51713,3864,0.07472008972598766,506,0.009784773654593622
year_bin,Unknown,HLA-DQA1*05:01/DQB1*02:01,306,51713,4657,0.0900547251174753,2634,0.0509349679964419
year_bin,Unknown,HLA-DQA1*05:08/DQB1*03:01,306,51713,124,0.00239784967029567,0,0.0
year_bin,Unknown,HLA-DQA1*06:01/DQB1*03:01,306,51713,405,0.007831686423143117,0,0.0
year_bin,pre-2005,HLA-DQA1*01:01/DQB1*05:01,43,7267,992,0.13650749965597908,386,0.0531168295032338
year_bin,pre-2005,HLA-DQA1*01:02/DQB1*06:02,43,7267,703,0.09673868171184807,154,0.021191688454658044
year_bin,pre-2005,HLA-DQA1*03:01/DQB1*03:02,43,7267,773,0.10637126737305629,253,0.034814916746938214
year_bin,pre-2005,HLA-DQA1*03:03/DQB1*04:01,43,7267,539,0.07417090959130315,75,0.010320627494151644
year_bin,pre-2005,HLA-DQA1*05:01/DQB1*02:01,43,7267,656,0.09027108848217971,372,0.051190312370992155
year_bin,pre-2005,HLA-DQA1*05:08/DQB1*03:01,43,7267,14,0.0019265171322416404,0,0.0
year_bin,pre-2005,HLA-DQA1*06:01/DQB1*03:01,43,7267,60,0.008256501995321316,0,0.0
