allele,allele_group,genotype,occurrence_total,occurrence_strong,occurrence_weak,occurrence_binder_10,occurrence_binder_10_rate,occurrence_strong_rate
HLA-DQA1*01:01/DQB1*05:01,expanded_control_DQ,B,51718,2756,4207,6963,0.13463397656521908,0.05328899029351483
HLA-DQA1*01:01/DQB1*05:01,expanded_control_DQ,C,25861,1372,2141,3513,0.13584161478674453,0.05305285951819342
HLA-DQA1*01:02/DQB1*06:02,expanded_control_DQ,B,51718,1113,4336,5449,0.10535983603387603,0.02152055377238099
HLA-DQA1*01:02/DQB1*06:02,expanded_control_DQ,C,25861,573,2106,2679,0.10359228181431498,0.022156915819187193
HLA-DQA1*03:01/DQB1*03:02,control_DQB1_0302,B,51718,1771,3587,5358,0.10360029390154299,0.03424339688309679
HLA-DQA1*03:01/DQB1*03:02,control_DQB1_0302,C,25861,882,1837,2719,0.10513901241251306,0.0341054096902672
HLA-DQA1*03:03/DQB1*04:01,expanded_control_DQ,B,51718,535,3341,3876,0.07494489346069066,0.01034456088789203
HLA-DQA1*03:03/DQB1*04:01,expanded_control_DQ,C,25861,275,1711,1986,0.07679517420053363,0.010633772862611655
HLA-DQA1*05:01/DQB1*02:01,expanded_control_DQ,B,51718,2587,2115,4702,0.09091612204648285,0.05002126919061062
HLA-DQA1*05:01/DQB1*02:01,expanded_control_DQ,C,25861,1303,1028,2331,0.09013572560999188,0.05038474923630177
HLA-DQA1*05:08/DQB1*03:01,risk_DQB1_0301,B,51718,6,137,143,0.0027649947793804866,0.00011601376696701342
HLA-DQA1*05:08/DQB1*03:01,risk_DQB1_0301,C,25861,10,40,50,0.0019334132477475735,0.0003866826495495147
HLA-DQA1*06:01/DQB1*03:01,risk_DQB1_0301,B,51718,6,435,441,0.008527011872075486,0.00011601376696701342
HLA-DQA1*06:01/DQB1*03:01,risk_DQB1_0301,C,25861,11,186,197,0.00761764819612544,0.0004253509145044662
