exclude_field,excluded_stratum,excluded_record_count,primary_allele,risk_allele,primary_rate_after_exclusion,risk_rate_after_exclusion,rate_ratio_after_exclusion,primary_total_after_exclusion,risk_total_after_exclusion
region,East Asia,1032,HLA-DQA1*03:01/DQB1*03:02,HLA-DQA1*05:08/DQB1*03:01,0.10509572763528766,0.0023507947089575804,44.70646766169155,85503,85503
region,East Asia,1032,HLA-DQA1*03:01/DQB1*03:02,HLA-DQA1*06:01/DQB1*03:01,0.10509572763528766,0.008104978772674644,12.966810966810966,85503,85503
region,Southeast Asia,310,HLA-DQA1*03:01/DQB1*03:02,HLA-DQA1*05:08/DQB1*03:01,0.10526823015800353,0.0022069417473389004,47.698689956331876,207527,207527
region,Southeast Asia,310,HLA-DQA1*03:01/DQB1*03:02,HLA-DQA1*06:01/DQB1*03:01,0.10526823015800353,0.008071238923128075,13.04238805970149,207527,207527
region,Unknown,78,HLA-DQA1*03:01/DQB1*03:02,HLA-DQA1*05:08/DQB1*03:01,0.10515757222060111,0.0022492948156794088,46.751351351351346,246744,246744
region,Unknown,78,HLA-DQA1*03:01/DQB1*03:02,HLA-DQA1*06:01/DQB1*03:01,0.10515757222060111,0.008044775151574101,13.071536523929472,246744,246744
region,South Asia,50,HLA-DQA1*03:01/DQB1*03:02,HLA-DQA1*05:08/DQB1*03:01,0.10518718236262556,0.0022667080241464055,46.40526315789474,251466,251466
region,South Asia,50,HLA-DQA1*03:01/DQB1*03:02,HLA-DQA1*06:01/DQB1*03:01,0.10518718236262556,0.00805675518758003,13.055774925962488,251466,251466
region,Other/Unmapped,34,HLA-DQA1*03:01/DQB1*03:02,HLA-DQA1*05:08/DQB1*03:01,0.10520911201164575,0.0022504622890191605,46.74999999999999,254170,254170
region,Other/Unmapped,34,HLA-DQA1*03:01/DQB1*03:02,HLA-DQA1*06:01/DQB1*03:01,0.10520911201164575,0.008041861746075461,13.082681017612526,254170,254170
region,North America,32,HLA-DQA1*03:01/DQB1*03:02,HLA-DQA1*05:08/DQB1*03:01,0.10514797177298946,0.002274977603847423,46.219343696027636,254508,254508
region,North America,32,HLA-DQA1*03:01/DQB1*03:02,HLA-DQA1*06:01/DQB1*03:01,0.10514797177298946,0.007984031936127744,13.169783464566931,254508,254508
country,China,912,HLA-DQA1*03:01/DQB1*03:02,HLA-DQA1*05:08/DQB1*03:01,0.1051332955190017,0.002193231234637928,47.935344827586206,105780,105780
country,China,912,HLA-DQA1*03:01/DQB1*03:02,HLA-DQA1*06:01/DQB1*03:01,0.1051332955190017,0.007950463225562488,13.223543400713437,105780,105780
country,Viet Nam,149,HLA-DQA1*03:01/DQB1*03:02,HLA-DQA1*05:08/DQB1*03:01,0.10508356160298547,0.0022195052335166592,47.34548944337812,234737,234737
country,Viet Nam,149,HLA-DQA1*03:01/DQB1*03:02,HLA-DQA1*06:01/DQB1*03:01,0.10508356160298547,0.008060084264517311,13.03752642706131,234737,234737
country,Malaysia,97,HLA-DQA1*03:01/DQB1*03:02,HLA-DQA1*05:08/DQB1*03:01,0.10530141261498029,0.0022092641261498027,47.6635687732342,243520,243520
country,Malaysia,97,HLA-DQA1*03:01/DQB1*03:02,HLA-DQA1*06:01/DQB1*03:01,0.10530141261498029,0.008011662286465177,13.143516145566377,243520,243520
country,Unknown,78,HLA-DQA1*03:01/DQB1*03:02,HLA-DQA1*05:08/DQB1*03:01,0.10515757222060111,0.0022492948156794088,46.751351351351346,246744,246744
country,Unknown,78,HLA-DQA1*03:01/DQB1*03:02,HLA-DQA1*06:01/DQB1*03:01,0.10515757222060111,0.008044775151574101,13.071536523929472,246744,246744
country,Japan,77,HLA-DQA1*03:01/DQB1*03:02,HLA-DQA1*05:08/DQB1*03:01,0.10515657653862977,0.0022802015325546357,46.11722912966252,246908,246908
country,Japan,77,HLA-DQA1*03:01/DQB1*03:02,HLA-DQA1*06:01/DQB1*03:01,0.10515657653862977,0.008063732240348632,13.040683073832245,246908,246908
country,Taiwan,37,HLA-DQA1*03:01/DQB1*03:02,HLA-DQA1*05:08/DQB1*03:01,0.10521917046767142,0.0022786317171342857,46.17647058823529,253661,253661
country,Taiwan,37,HLA-DQA1*03:01/DQB1*03:02,HLA-DQA1*06:01/DQB1*03:01,0.10521917046767142,0.00806982547573336,13.038593063019054,253661,253661
country,Indonesia,34,HLA-DQA1*03:01/DQB1*03:02,HLA-DQA1*05:08/DQB1*03:01,0.10522484951017036,0.0022622654129126176,46.51304347826087,254170,254170
country,Indonesia,34,HLA-DQA1*03:01/DQB1*03:02,HLA-DQA1*06:01/DQB1*03:01,0.10522484951017036,0.008045796120706614,13.078239608801956,254170,254170
country,Bangladesh,30,HLA-DQA1*03:01/DQB1*03:02,HLA-DQA1*05:08/DQB1*03:01,0.10518509217331251,0.0022719603211351167,46.297063903281526,254846,254846
country,Bangladesh,30,HLA-DQA1*03:01/DQB1*03:02,HLA-DQA1*06:01/DQB1*03:01,0.10518509217331251,0.008059769429380881,13.050632911392405,254846,254846
country,United States,25,HLA-DQA1*03:01/DQB1*03:02,HLA-DQA1*05:08/DQB1*03:01,0.1051386243551787,0.0022800958970006766,46.1114922813036,255691,255691
country,United States,25,HLA-DQA1*03:01/DQB1*03:02,HLA-DQA1*06:01/DQB1*03:01,0.1051386243551787,0.007986202095498081,13.165034280117531,255691,255691
country,India,20,HLA-DQA1*03:01/DQB1*03:02,HLA-DQA1*05:08/DQB1*03:01,0.10518991486574984,0.0022491969937942433,46.76776429809359,256536,256536
country,India,20,HLA-DQA1*03:01/DQB1*03:02,HLA-DQA1*06:01/DQB1*03:01,0.10518991486574984,0.008037858234321888,13.086808923375365,256536,256536
