mode,primary_allele,comparison_allele,comparison_group,primary_binder_rate,comparison_binder_rate,rate_ratio_primary_over_comparison,odds_ratio,p_value,table
unique,HLA-DQA1*03:01/DQB1*03:02,HLA-DQA1*01:01/DQB1*05:01,expanded_control_DQ,0.09012345679012346,0.16049382716049382,0.5615384615384615,0.518108756914727,6.986155542080368e-30,"[[511, 5159], [910, 4760]]"
occurrence,HLA-DQA1*03:01/DQB1*03:02,HLA-DQA1*01:01/DQB1*05:01,expanded_control_DQ,0.1041132265174854,0.13503654339447532,0.7710003818251241,0.7443877675694412,9.858714984087757e-79,"[[8077, 69502], [10476, 67103]]"
unique,HLA-DQA1*03:01/DQB1*03:02,HLA-DQA1*01:02/DQB1*06:02,expanded_control_DQ,0.09012345679012346,0.1126984126984127,0.7996870109546166,0.7798459686204063,7.68238027024048e-05,"[[511, 5159], [639, 5031]]"
occurrence,HLA-DQA1*03:01/DQB1*03:02,HLA-DQA1*01:02/DQB1*06:02,expanded_control_DQ,0.1041132265174854,0.10477062091545393,0.9937253937007874,0.9929962061223185,0.678107605447856,"[[8077, 69502], [8128, 69451]]"
unique,HLA-DQA1*03:01/DQB1*03:02,HLA-DQA1*03:03/DQB1*04:01,expanded_control_DQ,0.09012345679012346,0.08148148148148149,1.106060606060606,1.1165659306771925,0.1074882011709771,"[[511, 5159], [462, 5208]]"
occurrence,HLA-DQA1*03:01/DQB1*03:02,HLA-DQA1*03:03/DQB1*04:01,expanded_control_DQ,0.1041132265174854,0.07556168550767604,1.377857386557489,1.4217691317047485,2.416725825033483e-86,"[[8077, 69502], [5862, 71717]]"
unique,HLA-DQA1*03:01/DQB1*03:02,HLA-DQA1*05:01/DQB1*02:01,expanded_control_DQ,0.09012345679012346,0.09717813051146384,0.9274047186932849,0.9202141413046958,0.2087164089842404,"[[511, 5159], [551, 5119]]"
occurrence,HLA-DQA1*03:01/DQB1*03:02,HLA-DQA1*05:01/DQB1*02:01,expanded_control_DQ,0.1041132265174854,0.09065597648848271,1.1484430541731836,1.165693990096708,4.101984648192485e-19,"[[8077, 69502], [7033, 70546]]"
unique,HLA-DQA1*03:01/DQB1*03:02,HLA-DQA1*05:08/DQB1*03:01,risk_DQB1_0301,0.09012345679012346,0.010582010582010581,8.516666666666667,9.261194029850746,2.8424333017555814e-94,"[[511, 5159], [60, 5610]]"
occurrence,HLA-DQA1*03:01/DQB1*03:02,HLA-DQA1*05:08/DQB1*03:01,risk_DQB1_0301,0.1041132265174854,0.0024877866432926436,41.84974093264249,46.59699076017196,0.0,"[[8077, 69502], [193, 77386]]"
unique,HLA-DQA1*03:01/DQB1*03:02,HLA-DQA1*06:01/DQB1*03:01,risk_DQB1_0301,0.09012345679012346,0.01181657848324515,7.626865671641791,8.283258065169404,1.4207641901005438e-89,"[[511, 5159], [67, 5603]]"
occurrence,HLA-DQA1*03:01/DQB1*03:02,HLA-DQA1*06:01/DQB1*03:01,risk_DQB1_0301,0.1041132265174854,0.008223875017723868,12.659874608150472,14.014897588928452,0.0,"[[8077, 69502], [638, 76941]]"
