allele,accession_count,occurrence_total,occurrence_binder_10,occurrence_binder_10_rate,occurrence_strong,occurrence_strong_rate,set_name
HLA-DQA1*01:01/DQB1*05:01,459,77579,10476,0.13503654339447532,4128,0.05321027597674628,all_qc
HLA-DQA1*01:02/DQB1*06:02,459,77579,8128,0.10477062091545393,1686,0.02173268539166527,all_qc
HLA-DQA1*03:01/DQB1*03:02,459,77579,8077,0.1041132265174854,2653,0.03419739878059784,all_qc
HLA-DQA1*03:03/DQB1*04:01,459,77579,5862,0.07556168550767604,810,0.010440969850088296,all_qc
HLA-DQA1*05:01/DQB1*02:01,459,77579,7033,0.09065597648848271,3890,0.05014243545289318,all_qc
HLA-DQA1*05:08/DQB1*03:01,459,77579,193,0.0024877866432926436,16,0.00020624137975483055,all_qc
HLA-DQA1*06:01/DQB1*03:01,459,77579,638,0.008223875017723868,17,0.00021913146598950747,all_qc
HLA-DQA1*01:01/DQB1*05:01,285,48173,6471,0.13432835820895522,2559,0.053121042907852946,exact_core
HLA-DQA1*01:02/DQB1*06:02,285,48173,5180,0.10752911381894423,1015,0.021069893923982314,exact_core
HLA-DQA1*03:01/DQB1*03:02,285,48173,4957,0.1028999647105225,1619,0.033608037697465384,exact_core
HLA-DQA1*03:03/DQB1*04:01,285,48173,3698,0.07676499283831192,489,0.010150914412637786,exact_core
HLA-DQA1*05:01/DQB1*02:01,285,48173,4418,0.09171112448882154,2355,0.04888630560687522,exact_core
HLA-DQA1*05:08/DQB1*03:01,285,48173,175,0.0036327403317210887,16,0.0003321362589002138,exact_core
HLA-DQA1*06:01/DQB1*03:01,285,48173,438,0.009092230087393353,17,0.00035289477508147716,exact_core
HLA-DQA1*01:01/DQB1*05:01,235,39717,5324,0.13404839237606062,2108,0.05307550922778659,greedy_99pct
HLA-DQA1*01:02/DQB1*06:02,235,39717,4336,0.10917239469244908,831,0.020923030440365586,greedy_99pct
HLA-DQA1*03:01/DQB1*03:02,235,39717,4058,0.10217287307701992,1334,0.033587632499937056,greedy_99pct
HLA-DQA1*03:03/DQB1*04:01,235,39717,3045,0.07666742201072589,395,0.00994536344638316,greedy_99pct
HLA-DQA1*05:01/DQB1*02:01,235,39717,3657,0.09207644081879296,1927,0.048518266737165444,greedy_99pct
HLA-DQA1*05:08/DQB1*03:01,235,39717,158,0.003978145378553264,16,0.0004028501649167863,greedy_99pct
HLA-DQA1*06:01/DQB1*03:01,235,39717,371,0.009341088199007981,17,0.0004280283002240854,greedy_99pct
HLA-DQA1*01:01/DQB1*05:01,67,11327,1475,0.13021982872781848,595,0.05252935463935729,greedy_95pct
HLA-DQA1*01:02/DQB1*06:02,67,11327,1269,0.11203319502074689,229,0.020217180188929106,greedy_95pct
HLA-DQA1*03:01/DQB1*03:02,67,11327,1151,0.10161560872252141,372,0.03284188222830405,greedy_95pct
HLA-DQA1*03:03/DQB1*04:01,67,11327,870,0.07680762779200141,124,0.01094729407610135,greedy_95pct
HLA-DQA1*05:01/DQB1*02:01,67,11327,1082,0.09552396927694888,523,0.046172861304846824,greedy_95pct
HLA-DQA1*05:08/DQB1*03:01,67,11327,81,0.00715105500132427,12,0.0010594155557517436,greedy_95pct
HLA-DQA1*06:01/DQB1*03:01,67,11327,131,0.011565286483623202,12,0.0010594155557517436,greedy_95pct
