variant_id,mutation_spec,protein,evidence_tier,risk_loss_rate,risk_gain_rate,control_loss_rate,control_gain_rate,risk_delta_rank_mean,control_delta_rank_mean,dq3_bri_specificity_score,event_detail
HBX_H94Y,H94Y,HBx,high,0.0,0.0,0.0,0.0,-2.0,-3.0,-1.0,HLA-DQA1*06:01/DQB1*03:01:neutral:WT=13.00:MUT=11.00; HLA-DQA1*05:08/DQB1*03:01:neutral:WT=16.00:MUT=14.00; HLA-DQA1*03:01/DQB1*03:02:neutral:WT=29.00:MUT=26.00
HBX_H94Y_K130M_V131I,H94Y;K130M;V131I,HBx,high,0.0,0.0,0.0,0.0,-2.0,-10.0,-8.0,HLA-DQA1*06:01/DQB1*03:01:neutral:WT=13.00:MUT=11.00; HLA-DQA1*05:08/DQB1*03:01:neutral:WT=16.00:MUT=14.00; HLA-DQA1*03:01/DQB1*03:02:neutral:WT=29.00:MUT=19.00
HBX_I127N,I127N,HBx,high,0.0,0.0,0.0,0.0,0.0,9.0,9.0,HLA-DQA1*06:01/DQB1*03:01:neutral:WT=41.00:MUT=40.00; HLA-DQA1*05:08/DQB1*03:01:neutral:WT=37.00:MUT=38.00; HLA-DQA1*03:01/DQB1*03:02:neutral:WT=38.00:MUT=47.00
HBX_I127S,I127S,HBx,high,0.0,0.0,0.0,0.0,0.0,6.0,6.0,HLA-DQA1*06:01/DQB1*03:01:neutral:WT=41.00:MUT=41.00; HLA-DQA1*05:08/DQB1*03:01:neutral:WT=37.00:MUT=37.00; HLA-DQA1*03:01/DQB1*03:02:neutral:WT=38.00:MUT=44.00
HBX_I127T,I127T,HBx,high,0.0,0.0,0.0,0.0,0.0,8.0,8.0,HLA-DQA1*06:01/DQB1*03:01:neutral:WT=41.00:MUT=41.00; HLA-DQA1*05:08/DQB1*03:01:neutral:WT=37.00:MUT=37.00; HLA-DQA1*03:01/DQB1*03:02:neutral:WT=38.00:MUT=46.00
HBX_K130M_V131I,K130M;V131I,HBx,high,0.0,0.0,0.0,0.0,0.0,-22.0,-22.0,HLA-DQA1*06:01/DQB1*03:01:neutral:WT=34.00:MUT=34.00; HLA-DQA1*05:08/DQB1*03:01:neutral:WT=32.00:MUT=32.00; HLA-DQA1*03:01/DQB1*03:02:neutral:WT=41.00:MUT=19.00
HBX_V5M,V5M,HBx,moderate,0.0,0.0,0.0,0.0,1.0,10.0,9.0,HLA-DQA1*06:01/DQB1*03:01:neutral:WT=76.00:MUT=77.00; HLA-DQA1*05:08/DQB1*03:01:neutral:WT=79.00:MUT=80.00; HLA-DQA1*03:01/DQB1*03:02:neutral:WT=51.00:MUT=61.00
HBX_V5M_K130M_V131I,V5M;K130M;V131I,HBx,moderate,0.0,0.0,0.0,0.0,0.0,-22.0,-22.0,HLA-DQA1*06:01/DQB1*03:01:neutral:WT=34.00:MUT=34.00; HLA-DQA1*05:08/DQB1*03:01:neutral:WT=32.00:MUT=32.00; HLA-DQA1*03:01/DQB1*03:02:neutral:WT=41.00:MUT=19.00
PRES_S166L,S166L,large_S,moderate,0.0,0.0,0.0,0.0,-0.09999999999999998,-3.0,-2.9,HLA-DQA1*06:01/DQB1*03:01:neutral:WT=1.80:MUT=1.60; HLA-DQA1*05:08/DQB1*03:01:neutral:WT=3.00:MUT=3.00; HLA-DQA1*03:01/DQB1*03:02:neutral:WT=36.00:MUT=33.00
