variant_id,state,risk_binders,risk_total,control_binders,control_total,risk_best_rank,control_best_rank,dq0301_specific_binder,detail
HBX_H94Y,MUT,0,2,2,5,11.0,7.7,False,HLA-DQA1*01:02/DQB1*06:02=7.70(expanded_control_DQ); HLA-DQA1*03:03/DQB1*04:01=8.20(expanded_control_DQ); HLA-DQA1*06:01/DQB1*03:01=11.00(risk_DQB1_0301); HLA-DQA1*05:08/DQB1*03:01=14.00(risk_DQB1_0301); HLA-DQA1*03:01/DQB1*03:02=26.00(control_DQB1_0302); HLA-DQA1*05:01/DQB1*02:01=37.00(expanded_control_DQ); HLA-DQA1*01:01/DQB1*05:01=49.00(expanded_control_DQ)
HBX_H94Y,WT,0,2,0,5,13.0,10.0,False,HLA-DQA1*03:03/DQB1*04:01=10.00(expanded_control_DQ); HLA-DQA1*01:02/DQB1*06:02=11.00(expanded_control_DQ); HLA-DQA1*06:01/DQB1*03:01=13.00(risk_DQB1_0301); HLA-DQA1*05:08/DQB1*03:01=16.00(risk_DQB1_0301); HLA-DQA1*03:01/DQB1*03:02=29.00(control_DQB1_0302); HLA-DQA1*05:01/DQB1*02:01=38.00(expanded_control_DQ); HLA-DQA1*01:01/DQB1*05:01=56.00(expanded_control_DQ)
HBX_H94Y_K130M_V131I,MUT,0,2,2,5,11.0,7.7,False,HLA-DQA1*01:02/DQB1*06:02=7.70(expanded_control_DQ); HLA-DQA1*03:03/DQB1*04:01=8.20(expanded_control_DQ); HLA-DQA1*06:01/DQB1*03:01=11.00(risk_DQB1_0301); HLA-DQA1*05:01/DQB1*02:01=12.00(expanded_control_DQ); HLA-DQA1*05:08/DQB1*03:01=14.00(risk_DQB1_0301); HLA-DQA1*03:01/DQB1*03:02=19.00(control_DQB1_0302); HLA-DQA1*01:01/DQB1*05:01=19.00(expanded_control_DQ)
HBX_H94Y_K130M_V131I,WT,0,2,0,5,13.0,10.0,False,HLA-DQA1*03:03/DQB1*04:01=10.00(expanded_control_DQ); HLA-DQA1*01:02/DQB1*06:02=11.00(expanded_control_DQ); HLA-DQA1*06:01/DQB1*03:01=13.00(risk_DQB1_0301); HLA-DQA1*05:08/DQB1*03:01=16.00(risk_DQB1_0301); HLA-DQA1*05:01/DQB1*02:01=19.00(expanded_control_DQ); HLA-DQA1*01:01/DQB1*05:01=22.00(expanded_control_DQ); HLA-DQA1*03:01/DQB1*03:02=29.00(control_DQB1_0302)
HBX_I127N,MUT,0,2,0,5,38.0,15.0,False,HLA-DQA1*01:01/DQB1*05:01=15.00(expanded_control_DQ); HLA-DQA1*03:03/DQB1*04:01=18.00(expanded_control_DQ); HLA-DQA1*05:01/DQB1*02:01=31.00(expanded_control_DQ); HLA-DQA1*05:08/DQB1*03:01=38.00(risk_DQB1_0301); HLA-DQA1*06:01/DQB1*03:01=40.00(risk_DQB1_0301); HLA-DQA1*01:02/DQB1*06:02=46.00(expanded_control_DQ); HLA-DQA1*03:01/DQB1*03:02=47.00(control_DQB1_0302)
HBX_I127N,WT,0,2,0,5,37.0,13.0,False,HLA-DQA1*01:01/DQB1*05:01=13.00(expanded_control_DQ); HLA-DQA1*05:01/DQB1*02:01=18.00(expanded_control_DQ); HLA-DQA1*03:03/DQB1*04:01=21.00(expanded_control_DQ); HLA-DQA1*05:08/DQB1*03:01=37.00(risk_DQB1_0301); HLA-DQA1*03:01/DQB1*03:02=38.00(control_DQB1_0302); HLA-DQA1*06:01/DQB1*03:01=41.00(risk_DQB1_0301); HLA-DQA1*01:02/DQB1*06:02=46.00(expanded_control_DQ)
HBX_I127S,MUT,0,2,0,5,37.0,15.0,False,HLA-DQA1*01:01/DQB1*05:01=15.00(expanded_control_DQ); HLA-DQA1*03:03/DQB1*04:01=18.00(expanded_control_DQ); HLA-DQA1*05:01/DQB1*02:01=27.00(expanded_control_DQ); HLA-DQA1*05:08/DQB1*03:01=37.00(risk_DQB1_0301); HLA-DQA1*06:01/DQB1*03:01=41.00(risk_DQB1_0301); HLA-DQA1*03:01/DQB1*03:02=44.00(control_DQB1_0302); HLA-DQA1*01:02/DQB1*06:02=46.00(expanded_control_DQ)
HBX_I127S,WT,0,2,0,5,37.0,13.0,False,HLA-DQA1*01:01/DQB1*05:01=13.00(expanded_control_DQ); HLA-DQA1*05:01/DQB1*02:01=18.00(expanded_control_DQ); HLA-DQA1*03:03/DQB1*04:01=21.00(expanded_control_DQ); HLA-DQA1*05:08/DQB1*03:01=37.00(risk_DQB1_0301); HLA-DQA1*03:01/DQB1*03:02=38.00(control_DQB1_0302); HLA-DQA1*06:01/DQB1*03:01=41.00(risk_DQB1_0301); HLA-DQA1*01:02/DQB1*06:02=46.00(expanded_control_DQ)
HBX_I127T,MUT,0,2,0,5,37.0,15.0,False,HLA-DQA1*01:01/DQB1*05:01=15.00(expanded_control_DQ); HLA-DQA1*03:03/DQB1*04:01=18.00(expanded_control_DQ); HLA-DQA1*05:01/DQB1*02:01=29.00(expanded_control_DQ); HLA-DQA1*05:08/DQB1*03:01=37.00(risk_DQB1_0301); HLA-DQA1*06:01/DQB1*03:01=41.00(risk_DQB1_0301); HLA-DQA1*03:01/DQB1*03:02=46.00(control_DQB1_0302); HLA-DQA1*01:02/DQB1*06:02=47.00(expanded_control_DQ)
HBX_I127T,WT,0,2,0,5,37.0,13.0,False,HLA-DQA1*01:01/DQB1*05:01=13.00(expanded_control_DQ); HLA-DQA1*05:01/DQB1*02:01=18.00(expanded_control_DQ); HLA-DQA1*03:03/DQB1*04:01=21.00(expanded_control_DQ); HLA-DQA1*05:08/DQB1*03:01=37.00(risk_DQB1_0301); HLA-DQA1*03:01/DQB1*03:02=38.00(control_DQB1_0302); HLA-DQA1*06:01/DQB1*03:01=41.00(risk_DQB1_0301); HLA-DQA1*01:02/DQB1*06:02=46.00(expanded_control_DQ)
HBX_K130M_V131I,MUT,0,2,0,5,32.0,12.0,False,HLA-DQA1*05:01/DQB1*02:01=12.00(expanded_control_DQ); HLA-DQA1*03:01/DQB1*03:02=19.00(control_DQB1_0302); HLA-DQA1*01:01/DQB1*05:01=19.00(expanded_control_DQ); HLA-DQA1*03:03/DQB1*04:01=22.00(expanded_control_DQ); HLA-DQA1*05:08/DQB1*03:01=32.00(risk_DQB1_0301); HLA-DQA1*06:01/DQB1*03:01=34.00(risk_DQB1_0301); HLA-DQA1*01:02/DQB1*06:02=35.00(expanded_control_DQ)
HBX_K130M_V131I,WT,0,2,0,5,32.0,16.0,False,HLA-DQA1*03:03/DQB1*04:01=16.00(expanded_control_DQ); HLA-DQA1*05:01/DQB1*02:01=19.00(expanded_control_DQ); HLA-DQA1*01:01/DQB1*05:01=22.00(expanded_control_DQ); HLA-DQA1*05:08/DQB1*03:01=32.00(risk_DQB1_0301); HLA-DQA1*06:01/DQB1*03:01=34.00(risk_DQB1_0301); HLA-DQA1*03:01/DQB1*03:02=41.00(control_DQB1_0302); HLA-DQA1*01:02/DQB1*06:02=46.00(expanded_control_DQ)
HBX_V5M,MUT,0,2,0,5,77.0,48.0,False,HLA-DQA1*01:01/DQB1*05:01=48.00(expanded_control_DQ); HLA-DQA1*05:01/DQB1*02:01=53.00(expanded_control_DQ); HLA-DQA1*03:01/DQB1*03:02=61.00(control_DQB1_0302); HLA-DQA1*03:03/DQB1*04:01=67.00(expanded_control_DQ); HLA-DQA1*01:02/DQB1*06:02=70.00(expanded_control_DQ); HLA-DQA1*06:01/DQB1*03:01=77.00(risk_DQB1_0301); HLA-DQA1*05:08/DQB1*03:01=80.00(risk_DQB1_0301)
HBX_V5M,WT,0,2,0,5,76.0,48.0,False,HLA-DQA1*01:01/DQB1*05:01=48.00(expanded_control_DQ); HLA-DQA1*05:01/DQB1*02:01=50.00(expanded_control_DQ); HLA-DQA1*03:01/DQB1*03:02=51.00(control_DQB1_0302); HLA-DQA1*01:02/DQB1*06:02=70.00(expanded_control_DQ); HLA-DQA1*03:03/DQB1*04:01=71.00(expanded_control_DQ); HLA-DQA1*06:01/DQB1*03:01=76.00(risk_DQB1_0301); HLA-DQA1*05:08/DQB1*03:01=79.00(risk_DQB1_0301)
HBX_V5M_K130M_V131I,MUT,0,2,0,5,32.0,12.0,False,HLA-DQA1*05:01/DQB1*02:01=12.00(expanded_control_DQ); HLA-DQA1*03:01/DQB1*03:02=19.00(control_DQB1_0302); HLA-DQA1*01:01/DQB1*05:01=19.00(expanded_control_DQ); HLA-DQA1*03:03/DQB1*04:01=22.00(expanded_control_DQ); HLA-DQA1*05:08/DQB1*03:01=32.00(risk_DQB1_0301); HLA-DQA1*06:01/DQB1*03:01=34.00(risk_DQB1_0301); HLA-DQA1*01:02/DQB1*06:02=35.00(expanded_control_DQ)
HBX_V5M_K130M_V131I,WT,0,2,0,5,32.0,16.0,False,HLA-DQA1*03:03/DQB1*04:01=16.00(expanded_control_DQ); HLA-DQA1*05:01/DQB1*02:01=19.00(expanded_control_DQ); HLA-DQA1*01:01/DQB1*05:01=22.00(expanded_control_DQ); HLA-DQA1*05:08/DQB1*03:01=32.00(risk_DQB1_0301); HLA-DQA1*06:01/DQB1*03:01=34.00(risk_DQB1_0301); HLA-DQA1*03:01/DQB1*03:02=41.00(control_DQB1_0302); HLA-DQA1*01:02/DQB1*06:02=46.00(expanded_control_DQ)
PRES_S166L,MUT,2,2,1,5,1.6,7.6,False,HLA-DQA1*06:01/DQB1*03:01=1.60(risk_DQB1_0301); HLA-DQA1*05:08/DQB1*03:01=3.00(risk_DQB1_0301); HLA-DQA1*01:02/DQB1*06:02=7.60(expanded_control_DQ); HLA-DQA1*03:03/DQB1*04:01=13.00(expanded_control_DQ); HLA-DQA1*03:01/DQB1*03:02=33.00(control_DQB1_0302); HLA-DQA1*01:01/DQB1*05:01=42.00(expanded_control_DQ); HLA-DQA1*05:01/DQB1*02:01=43.00(expanded_control_DQ)
PRES_S166L,WT,2,2,0,5,1.8,13.0,True,HLA-DQA1*06:01/DQB1*03:01=1.80(risk_DQB1_0301); HLA-DQA1*05:08/DQB1*03:01=3.00(risk_DQB1_0301); HLA-DQA1*03:03/DQB1*04:01=13.00(expanded_control_DQ); HLA-DQA1*01:02/DQB1*06:02=17.00(expanded_control_DQ); HLA-DQA1*03:01/DQB1*03:02=36.00(control_DQB1_0302); HLA-DQA1*05:01/DQB1*02:01=58.00(expanded_control_DQ); HLA-DQA1*01:01/DQB1*05:01=68.00(expanded_control_DQ)
