metric,allele,mean,ci_low_2_5,ci_high_97_5
binder_rate,HLA-DQA1*01:01/DQB1*05:01,0.13513953234324064,0.13459189774001928,0.1357365630750865
binder_rate,HLA-DQA1*01:02/DQB1*06:02,0.10206643735007286,0.10125107511466971,0.10284120898715288
binder_rate,HLA-DQA1*03:01/DQB1*03:02,0.10526063170977164,0.10478073899159969,0.10567663125917226
binder_rate,HLA-DQA1*03:03/DQB1*04:01,0.07650734222436163,0.07579253609715184,0.07718251464676852
binder_rate,HLA-DQA1*05:01/DQB1*02:01,0.09037821185032748,0.08999435892058628,0.09075742906557235
binder_rate,HLA-DQA1*05:08/DQB1*03:01,0.0022308518076847132,0.0019635144229730016,0.0025193099381752558
binder_rate,HLA-DQA1*06:01/DQB1*03:01,0.008017045125770176,0.007727907077145659,0.008305589367375505
rate_difference_HLA-DQA1*03:01/DQB1*03:02_minus_HLA-DQA1*01:01/DQB1*05:01,HLA-DQA1*01:01/DQB1*05:01,-0.029878900633468826,-0.030539724341224588,-0.02926273087821604
rate_ratio_HLA-DQA1*03:01/DQB1*03:02_over_HLA-DQA1*01:01/DQB1*05:01,HLA-DQA1*01:01/DQB1*05:01,0.7789064728711547,0.7745952004241748,0.7828086699121546
rate_difference_HLA-DQA1*03:01/DQB1*03:02_minus_HLA-DQA1*01:02/DQB1*06:02,HLA-DQA1*01:02/DQB1*06:02,0.0031941943596991503,0.0023275413738767688,0.004088644363522578
rate_ratio_HLA-DQA1*03:01/DQB1*03:02_over_HLA-DQA1*01:02/DQB1*06:02,HLA-DQA1*01:02/DQB1*06:02,1.031310762581722,1.022631593545902,1.0403211264617014
rate_difference_HLA-DQA1*03:01/DQB1*03:02_minus_HLA-DQA1*03:03/DQB1*04:01,HLA-DQA1*03:03/DQB1*04:01,0.02875328948541014,0.027854997106875286,0.029577090430648514
rate_ratio_HLA-DQA1*03:01/DQB1*03:02_over_HLA-DQA1*03:03/DQB1*04:01,HLA-DQA1*03:03/DQB1*04:01,1.375854676935866,1.3612438860794855,1.3896945407440022
rate_difference_HLA-DQA1*03:01/DQB1*03:02_minus_HLA-DQA1*05:01/DQB1*02:01,HLA-DQA1*05:01/DQB1*02:01,0.01488241985944439,0.01442974853112692,0.015320816585371204
rate_ratio_HLA-DQA1*03:01/DQB1*03:02_over_HLA-DQA1*05:01/DQB1*02:01,HLA-DQA1*05:01/DQB1*02:01,1.1646715273938806,1.1593380374225943,1.169902602201449
rate_difference_HLA-DQA1*03:01/DQB1*03:02_minus_HLA-DQA1*05:08/DQB1*03:01,HLA-DQA1*05:08/DQB1*03:01,0.10302977990208716,0.10250901311911416,0.10353812826803512
rate_ratio_HLA-DQA1*03:01/DQB1*03:02_over_HLA-DQA1*05:08/DQB1*03:01,HLA-DQA1*05:08/DQB1*03:01,47.368902914713665,41.86484629474285,53.665487571701725
rate_difference_HLA-DQA1*03:01/DQB1*03:02_minus_HLA-DQA1*06:01/DQB1*03:01,HLA-DQA1*06:01/DQB1*03:01,0.09724358658400159,0.09672059928941393,0.0977572417076907
rate_ratio_HLA-DQA1*03:01/DQB1*03:02_over_HLA-DQA1*06:01/DQB1*03:01,HLA-DQA1*06:01/DQB1*03:01,13.133911153948992,12.656122030542985,13.63004620622568
