variant_id,source_region,protein,reference_accession,mutation_spec,evidence_role,evidence_tier,analyze_peptide,primary_source,notes
HBX_V5M,BCP/X,HBx,LC852227,V5M,HCC-associated HBx mutation reported with genotype C2 risk signal,moderate,yes,https://pmc.ncbi.nlm.nih.gov/articles/PMC3122615/,"HBx5 mutation was described as V5M/G1386A and discussed as a genotype C2 HCC risk factor."
HBX_H94Y,EnhII/X,HBx,LC852227,H94Y,HCC-associated hotspot from C1653T,high,yes,https://pmc.ncbi.nlm.nih.gov/articles/PMC2720989/,"C1653T is associated with increased HCC risk and maps to HBx H94Y."
HBX_I127T,BCP/X,HBx,LC852227,I127T,HCC-associated T1753V coding consequence,high,yes,https://pmc.ncbi.nlm.nih.gov/articles/PMC2720989/,"T1753V can generate alternate HBx I127 substitutions; this row tests I127T."
HBX_I127N,BCP/X,HBx,LC852227,I127N,HCC-associated T1753V coding consequence,high,yes,https://pmc.ncbi.nlm.nih.gov/articles/PMC2720989/,"T1753V can generate alternate HBx I127 substitutions; this row tests I127N."
HBX_I127S,BCP/X,HBx,LC852227,I127S,HCC-associated T1753V coding consequence,high,yes,https://pmc.ncbi.nlm.nih.gov/articles/PMC2720989/,"T1753V can generate alternate HBx I127 substitutions; this row tests I127S."
HBX_K130M_V131I,BCP/X,HBx,LC852227,K130M;V131I,HCC-associated A1762T/G1764A double mutation,high,yes,https://pmc.ncbi.nlm.nih.gov/articles/PMC2720989/,"A1762T/G1764A is one of the strongest HCC-associated HBV mutation signals and maps to HBx K130M/V131I."
HBX_V5M_K130M_V131I,BCP/X,HBx,LC852227,V5M;K130M;V131I,HCC-associated HBx triple mutation,moderate,yes,https://pmc.ncbi.nlm.nih.gov/articles/PMC3122615/,"HBx5+HBx130+HBx131 triple mutation was more common in HCC than CHB in a genotype C2 study."
HBX_H94Y_K130M_V131I,EnhII/BCP/X,HBx,LC852227,H94Y;K130M;V131I,HCC-associated combined mutation,high,yes,https://pmc.ncbi.nlm.nih.gov/articles/PMC2720989/,"JNCI 2009 reported A1762T/G1764A+C1653T combinations had high specificity for HCC prediction."
PRES_S166L,PreS/S,large_S,PQ046054,S166L,HLA-stratified HCC-associated mutation from Sugiyama 2025,moderate,yes,https://pubmed.ncbi.nlm.nih.gov/40728240/,"S166L was reported among HLA-DPB1*02:01 patients; PQ046054 genotype C1 large S has S at position 166."
PRECORE_W28STOP,Precore/HBe,HBeAg,NC_003977.2,W28*,controversial/control stop mutation,low,no,https://pmc.ncbi.nlm.nih.gov/articles/PMC2720989/,"G1896A was not associated with HCC in JNCI 2009, but associated in later BCP/precore meta-analysis; stop mutation needs a separate expression/truncation model."
PRES_DELETION,PreS/S,large_S,genotype_BC_consensus,variable_deletion,HCC-associated deletion class,high,no,https://pubmed.ncbi.nlm.nih.gov/32896077/,"PreS deletions are strongly associated with HCC but require indel-aware sequence analysis, not point-mutant peptide windows."
