protein,allele,allele_group,total,binder_10,binder_10_rate,strong_2,strong_2_rate
core_capsid,HLA-DQA1*01:01/DQB1*05:01,expanded_control_DQ,169,19,0.11242603550295859,9,0.05325443786982249
core_capsid,HLA-DQA1*01:02/DQB1*06:02,expanded_control_DQ,169,5,0.029585798816568046,0,0.0
core_capsid,HLA-DQA1*03:01/DQB1*03:02,control_DQB1_0302,169,21,0.1242603550295858,8,0.047337278106508875
core_capsid,HLA-DQA1*03:03/DQB1*04:01,expanded_control_DQ,169,7,0.04142011834319527,0,0.0
core_capsid,HLA-DQA1*05:01/DQB1*02:01,expanded_control_DQ,169,18,0.10650887573964497,9,0.05325443786982249
core_capsid,HLA-DQA1*05:08/DQB1*03:01,risk_DQB1_0301,169,0,0.0,0,0.0
core_capsid,HLA-DQA1*06:01/DQB1*03:01,risk_DQB1_0301,169,0,0.0,0,0.0
large_envelope,HLA-DQA1*01:01/DQB1*05:01,expanded_control_DQ,375,64,0.17066666666666666,10,0.02666666666666667
large_envelope,HLA-DQA1*01:02/DQB1*06:02,expanded_control_DQ,375,19,0.050666666666666665,0,0.0
large_envelope,HLA-DQA1*03:01/DQB1*03:02,control_DQB1_0302,375,2,0.005333333333333333,0,0.0
large_envelope,HLA-DQA1*03:03/DQB1*04:01,expanded_control_DQ,375,28,0.07466666666666667,4,0.010666666666666666
large_envelope,HLA-DQA1*05:01/DQB1*02:01,expanded_control_DQ,375,9,0.024,0,0.0
large_envelope,HLA-DQA1*05:08/DQB1*03:01,risk_DQB1_0301,375,37,0.09866666666666667,7,0.018666666666666668
large_envelope,HLA-DQA1*06:01/DQB1*03:01,risk_DQB1_0301,375,33,0.088,8,0.021333333333333333
polymerase,HLA-DQA1*01:01/DQB1*05:01,expanded_control_DQ,818,69,0.0843520782396088,7,0.008557457212713936
polymerase,HLA-DQA1*01:02/DQB1*06:02,expanded_control_DQ,818,32,0.039119804400977995,1,0.0012224938875305623
polymerase,HLA-DQA1*03:01/DQB1*03:02,control_DQB1_0302,818,13,0.01589242053789731,0,0.0
polymerase,HLA-DQA1*03:03/DQB1*04:01,expanded_control_DQ,818,145,0.17726161369193155,24,0.029339853300733496
polymerase,HLA-DQA1*05:01/DQB1*02:01,expanded_control_DQ,818,24,0.029339853300733496,0,0.0
polymerase,HLA-DQA1*05:08/DQB1*03:01,risk_DQB1_0301,818,20,0.02444987775061125,0,0.0
polymerase,HLA-DQA1*06:01/DQB1*03:01,risk_DQB1_0301,818,29,0.035452322738386305,0,0.0
x_protein,HLA-DQA1*01:01/DQB1*05:01,expanded_control_DQ,140,9,0.06428571428571428,5,0.03571428571428571
x_protein,HLA-DQA1*01:02/DQB1*06:02,expanded_control_DQ,140,0,0.0,0,0.0
x_protein,HLA-DQA1*03:01/DQB1*03:02,control_DQB1_0302,140,6,0.04285714285714286,0,0.0
x_protein,HLA-DQA1*03:03/DQB1*04:01,expanded_control_DQ,140,8,0.05714285714285714,0,0.0
x_protein,HLA-DQA1*05:01/DQB1*02:01,expanded_control_DQ,140,7,0.05,1,0.007142857142857143
x_protein,HLA-DQA1*05:08/DQB1*03:01,risk_DQB1_0301,140,11,0.07857142857142857,0,0.0
x_protein,HLA-DQA1*06:01/DQB1*03:01,risk_DQB1_0301,140,10,0.07142857142857142,0,0.0
