ref_number,pmid,section,rationale,authors,title,journal,year,volume,issue,pages,doi,formatted_reference
1,32319693,HBV_HCC_background,HCC epidemiology background,"McGlynn KA, Petrick JL, El-Serag HB",Epidemiology of Hepatocellular Carcinoma,Hepatology,2021,73 Suppl 1,Suppl 1,4-13,10.1002/hep.31288,"McGlynn KA, Petrick JL, El-Serag HB. Epidemiology of Hepatocellular Carcinoma. Hepatology. 2021;73 Suppl 1(Suppl 1):4-13. doi:10.1002/hep.31288. PMID:32319693."
2,29877316,HBV_HCC_background,HBV infection overview and chronic disease background,"Yuen MF, Chen DS, Dusheiko GM, Janssen HLA, Lau DTY, Locarnini SA, et al.",Hepatitis B virus infection,Nat Rev Dis Primers,2018,4,,18035,10.1038/nrdp.2018.35,"Yuen MF, Chen DS, Dusheiko GM, Janssen HLA, Lau DTY, Locarnini SA, et al. Hepatitis B virus infection. Nat Rev Dis Primers. 2018;4:18035. doi:10.1038/nrdp.2018.35. PMID:29877316."
3,25934461,HBV_HCC_background,HBV epidemiology overview,"MacLachlan JH, Cowie BC",Hepatitis B virus epidemiology,Cold Spring Harb Perspect Med,2015,5,5,a021410,10.1101/cshperspect.a021410,"MacLachlan JH, Cowie BC. Hepatitis B virus epidemiology. Cold Spring Harb Perspect Med. 2015;5(5):a021410. doi:10.1101/cshperspect.a021410. PMID:25934461."
4,28427875,HBV_HCC_background,clinical guideline context for chronic HBV,European Association for the Study of the Liver,EASL 2017 Clinical Practice Guidelines on the management of hepatitis B virus infection,J Hepatol,2017,67,2,370-398,10.1016/j.jhep.2017.03.021,European Association for the Study of the Liver. EASL 2017 Clinical Practice Guidelines on the management of hepatitis B virus infection. J Hepatol. 2017;67(2):370-398. doi:10.1016/j.jhep.2017.03.021. PMID:28427875.
5,33305479,HBV_HCC_background,systematic review of HBV-related HCC risk factors,"Campbell C, Wang T, McNaughton AL, Barnes E, Matthews PC",Risk factors for the development of hepatocellular carcinoma (HCC) in chronic hepatitis B virus (HBV) infection: a systematic review and meta-analysis,J Viral Hepat,2021,28,3,493-507,10.1111/jvh.13452,"Campbell C, Wang T, McNaughton AL, Barnes E, Matthews PC. Risk factors for the development of hepatocellular carcinoma (HCC) in chronic hepatitis B virus (HBV) infection: a systematic review and meta-analysis. J Viral Hepat. 2021;28(3):493-507. doi:10.1111/jvh.13452. PMID:33305479."
6,29722445,HBV_HCC_background,prevention of HBV-related HCC,"Lin CL, Kao JH",Review article: the prevention of hepatitis B-related hepatocellular carcinoma,Aliment Pharmacol Ther,2018,48,1,5-14,10.1111/apt.14683,"Lin CL, Kao JH. Review article: the prevention of hepatitis B-related hepatocellular carcinoma. Aliment Pharmacol Ther. 2018;48(1):5-14. doi:10.1111/apt.14683. PMID:29722445."
7,23981576,HBV_HCC_background,HBV-induced hepatocarcinogenesis review,"Xu C, Zhou W, Wang Y, Qiao L",Hepatitis B virus-induced hepatocellular carcinoma,Cancer Lett,2014,345,2,216-22,10.1016/j.canlet.2013.08.035,"Xu C, Zhou W, Wang Y, Qiao L. Hepatitis B virus-induced hepatocellular carcinoma. Cancer Lett. 2014;345(2):216-22. doi:10.1016/j.canlet.2013.08.035. PMID:23981576."
8,34397330,HBV_genotype_mutation_HCC,HBV mutations and liver disease/HCC risk,"Akrami H, Monjezi MR, Ilbeigi S, Amiri F, Fattahi MR",The Association Between Hepatitis B Virus Mutations and the Risk of Liver Disease and Hepatocellular Carcinoma,Curr Mol Med,2022,22,6,514-523,10.2174/1566524021666210816094412,"Akrami H, Monjezi MR, Ilbeigi S, Amiri F, Fattahi MR. The Association Between Hepatitis B Virus Mutations and the Risk of Liver Disease and Hepatocellular Carcinoma. Curr Mol Med. 2022;22(6):514-523. doi:10.2174/1566524021666210816094412. PMID:34397330."
9,19574418,HBV_genotype_mutation_HCC,meta-analysis of HBV mutations and HCC risk,"Liu S, Zhang H, Gu C, Yin J, He Y, Xie J, et al.",Associations between hepatitis B virus mutations and the risk of hepatocellular carcinoma: a meta-analysis,J Natl Cancer Inst,2009,101,15,1066-82,10.1093/jnci/djp180,"Liu S, Zhang H, Gu C, Yin J, He Y, Xie J, et al. Associations between hepatitis B virus mutations and the risk of hepatocellular carcinoma: a meta-analysis. J Natl Cancer Inst. 2009;101(15):1066-82. doi:10.1093/jnci/djp180. PMID:19574418."
10,15361502,HBV_genotype_mutation_HCC,genotype C and increased HCC risk,"Chan HL, Hui AY, Wong ML, Tse AM, Hung LC, Wong VW, et al.",Genotype C hepatitis B virus infection is associated with an increased risk of hepatocellular carcinoma,Gut,2004,53,10,1494-8,10.1136/gut.2003.033324,"Chan HL, Hui AY, Wong ML, Tse AM, Hung LC, Wong VW, et al. Genotype C hepatitis B virus infection is associated with an increased risk of hepatocellular carcinoma. Gut. 2004;53(10):1494-8. doi:10.1136/gut.2003.033324. PMID:15361502."
11,14688459,HBV_genotype_mutation_HCC,HBV genotypes and HCC in Taiwan,Kao JH,Hepatitis B virus genotypes and hepatocellular carcinoma in Taiwan,Intervirology,2003,46,6,400-7,10.1159/000074999,Kao JH. Hepatitis B virus genotypes and hepatocellular carcinoma in Taiwan. Intervirology. 2003;46(6):400-7. doi:10.1159/000074999. PMID:14688459.
12,23071796,HBV_genotype_mutation_HCC,genotype C precore/core mutations related to HCC,"Kim DW, Lee SA, Hwang ES, Kook YH, Kim BJ",Naturally occurring precore/core region mutations of hepatitis B virus genotype C related to hepatocellular carcinoma,PLoS One,2012,7,10,e47372,10.1371/journal.pone.0047372,"Kim DW, Lee SA, Hwang ES, Kook YH, Kim BJ. Naturally occurring precore/core region mutations of hepatitis B virus genotype C related to hepatocellular carcinoma. PLoS One. 2012;7(10):e47372. doi:10.1371/journal.pone.0047372. PMID:23071796."
13,35646275,HBV_genotype_mutation_HCC,review of precore/core promoter mutations and disease severity,Kumar R,Review on hepatitis B virus precore/core promoter mutations and their correlation with genotypes and liver disease severity,World J Hepatol,2022,14,4,708-718,10.4254/wjh.v14.i4.708,Kumar R. Review on hepatitis B virus precore/core promoter mutations and their correlation with genotypes and liver disease severity. World J Hepatol. 2022;14(4):708-718. doi:10.4254/wjh.v14.i4.708. PMID:35646275.
14,26568165,host_viral_interaction,HLA polymorphism and HBV genotype/mutation interactions in HCC,"Wen J, Song C, Jiang D, Jin T, Dai J, Zhu L, et al.","Hepatitis B virus genotype, mutations, human leukocyte antigen polymorphisms and their interactions in hepatocellular carcinoma: a multi-centre case-control study",Sci Rep,2015,5,,16489,10.1038/srep16489,"Wen J, Song C, Jiang D, Jin T, Dai J, Zhu L, et al. Hepatitis B virus genotype, mutations, human leukocyte antigen polymorphisms and their interactions in hepatocellular carcinoma: a multi-centre case-control study. Sci Rep. 2015;5:16489. doi:10.1038/srep16489. PMID:26568165."
15,30073017,host_viral_interaction,review of host and viral variation in HBV-related HCC,"An P, Xu J, Yu Y, Winkler CA",Host and Viral Genetic Variation in HBV-Related Hepatocellular Carcinoma,Front Genet,2018,9,,261,10.3389/fgene.2018.00261,"An P, Xu J, Yu Y, Winkler CA. Host and Viral Genetic Variation in HBV-Related Hepatocellular Carcinoma. Front Genet. 2018;9:261. doi:10.3389/fgene.2018.00261. PMID:30073017."
16,40728240,host_viral_interaction,HLA genotypes affecting HCC-associated HBV mutations,"Sugiyama M, Nishida N, Khor SS, Shin-I T, Hino K, Honda M, et al.",Human Leukocyte Antigen Genotypes Affect Hepatitis B Virus Mutations Associated With Hepatocellular Carcinoma,Hepatol Res,2025,55,11,1445-1453,10.1111/hepr.70007,"Sugiyama M, Nishida N, Khor SS, Shin-I T, Hino K, Honda M, et al. Human Leukocyte Antigen Genotypes Affect Hepatitis B Virus Mutations Associated With Hepatocellular Carcinoma. Hepatol Res. 2025;55(11):1445-1453. doi:10.1111/hepr.70007. PMID:40728240."
17,40084945,HLA_DQ_HBV_HCC,motivating DQB1*03:01 and HBV-related HCC study,"Zhang T, Huang CJ, Chen HT, Huang YH, Pan MH, Lee MH, et al.",HLA-DQB1*03:01 and risk of HBV-related HCC,Hepatology,2026,83,2,374-386,10.1097/HEP.0000000000001307,"Zhang T, Huang CJ, Chen HT, Huang YH, Pan MH, Lee MH, et al. HLA-DQB1*03:01 and risk of HBV-related HCC. Hepatology. 2026;83(2):374-386. doi:10.1097/HEP.0000000000001307. PMID:40084945."
18,25281206,HLA_DQ_HBV_HCC,HLA-DQ polymorphism and HBV mutation interaction in persistence/cirrhosis/HCC,"Ji X, Zhang Q, Li B, Du Y, Yin J, Liu W, et al.","Impacts of human leukocyte antigen DQ genetic polymorphisms and their interactions with hepatitis B virus mutations on the risks of viral persistence, liver cirrhosis, and hepatocellular carcinoma",Infect Genet Evol,2014,28,,201-9,10.1016/j.meegid.2014.09.032,"Ji X, Zhang Q, Li B, Du Y, Yin J, Liu W, et al. Impacts of human leukocyte antigen DQ genetic polymorphisms and their interactions with hepatitis B virus mutations on the risks of viral persistence, liver cirrhosis, and hepatocellular carcinoma. Infect Genet Evol. 2014;28:201-9. doi:10.1016/j.meegid.2014.09.032. PMID:25281206."
19,21750111,HLA_DQ_HBV_persistence,GWAS chronic HBV locus in Japanese population,"Mbarek H, Ochi H, Urabe Y, Kumar V, Kubo M, Hosono N, et al.",A genome-wide association study of chronic hepatitis B identified novel risk locus in a Japanese population,Hum Mol Genet,2011,20,19,3884-92,10.1093/hmg/ddr301,"Mbarek H, Ochi H, Urabe Y, Kumar V, Kubo M, Hosono N, et al. A genome-wide association study of chronic hepatitis B identified novel risk locus in a Japanese population. Hum Mol Genet. 2011;20(19):3884-92. doi:10.1093/hmg/ddr301. PMID:21750111."
20,24162738,HLA_DQ_HBV_persistence,new loci associated with chronic HBV in Han Chinese,"Hu Z, Liu Y, Zhai X, Dai J, Jin G, Wang L, et al.",New loci associated with chronic hepatitis B virus infection in Han Chinese,Nat Genet,2013,45,12,1499-503,10.1038/ng.2809,"Hu Z, Liu Y, Zhai X, Dai J, Jin G, Wang L, et al. New loci associated with chronic hepatitis B virus infection in Han Chinese. Nat Genet. 2013;45(12):1499-503. doi:10.1038/ng.2809. PMID:24162738."
21,23760081,HLA_DQ_HBV_persistence,GWAS variants associated with chronic HBV risk,"Kim YJ, Kim HY, Lee JH, Yu SJ, Yoon JH, Lee HS, et al.",A genome-wide association study identified new variants associated with the risk of chronic hepatitis B,Hum Mol Genet,2013,22,20,4233-8,10.1093/hmg/ddt266,"Kim YJ, Kim HY, Lee JH, Yu SJ, Yoon JH, Lee HS, et al. A genome-wide association study identified new variants associated with the risk of chronic hepatitis B. Hum Mol Genet. 2013;22(20):4233-8. doi:10.1093/hmg/ddt266. PMID:23760081."
22,22105689,HLA_DQ_HBV_persistence,HLA-DP/DQ variants influencing HBV clearance and HCC development,"Hu L, Zhai X, Liu J, Chu M, Pan S, Jiang J, et al.",Genetic variants in human leukocyte antigen/DP-DQ influence both hepatitis B virus clearance and hepatocellular carcinoma development,Hepatology,2012,55,5,1426-31,10.1002/hep.24799,"Hu L, Zhai X, Liu J, Chu M, Pan S, Jiang J, et al. Genetic variants in human leukocyte antigen/DP-DQ influence both hepatitis B virus clearance and hepatocellular carcinoma development. Hepatology. 2012;55(5):1426-31. doi:10.1002/hep.24799. PMID:22105689."
23,27291710,HLA_DQ_HBV_persistence,HLA-DP/DQ polymorphisms with chronic hepatitis B,"Xiang X, Guo Y, Yang L, Ge Q, Mijit S, Xu F",Association of human leukocyte antigen DP/DQ gene polymorphisms with chronic hepatitis B in Chinese Han and Uygur populations,Infect Genet Evol,2016,43,,407-11,10.1016/j.meegid.2016.06.022,"Xiang X, Guo Y, Yang L, Ge Q, Mijit S, Xu F. Association of human leukocyte antigen DP/DQ gene polymorphisms with chronic hepatitis B in Chinese Han and Uygur populations. Infect Genet Evol. 2016;43:407-11. doi:10.1016/j.meegid.2016.06.022. PMID:27291710."
24,27580643,HLA_DQ_HBV_HCC,HLA-DQ polymorphisms associated with HCC and HBsAg in chronic HBV,"Ochi Y, Hashimoto S, Kawabe N, Murao M, Nakano T, Kan T, et al.",HLA-DQ gene polymorphisms are associated with hepatocellular carcinoma and hepatitis B surface antigen in chronic hepatitis B virus infection,Hepatol Res,2017,47,8,755-766,10.1111/hepr.12812,"Ochi Y, Hashimoto S, Kawabe N, Murao M, Nakano T, Kan T, et al. HLA-DQ gene polymorphisms are associated with hepatocellular carcinoma and hepatitis B surface antigen in chronic hepatitis B virus infection. Hepatol Res. 2017;47(8):755-766. doi:10.1111/hepr.12812. PMID:27580643."
25,27209411,HLA_DQ_HBV_HCC,HLA-DQ polymorphism and HBV-related HCC susceptibility,"Gao X, Liu W, Zhang X, Tang L, Wang L, Yan L, et al.",Genetic polymorphism of HLA-DQ confers susceptibility to hepatitis B virus-related hepatocellular carcinoma: a case-control study in Han population in China,Tumour Biol,2016,37,9,12103-12111,10.1007/s13277-016-5077-z,"Gao X, Liu W, Zhang X, Tang L, Wang L, Yan L, et al. Genetic polymorphism of HLA-DQ confers susceptibility to hepatitis B virus-related hepatocellular carcinoma: a case-control study in Han population in China. Tumour Biol. 2016;37(9):12103-12111. doi:10.1007/s13277-016-5077-z. PMID:27209411."
26,25913043,HLA_DQ_HBV_HCC,replication of STAT4 and HLA-DQ HCC susceptibility loci,"Kim LH, Cheong HS, Namgoong S, Kim JO, Kim JH, Park BL, et al.",Replication of genome wide association studies on hepatocellular carcinoma susceptibility loci of STAT4 and HLA-DQ in a Korean population,Infect Genet Evol,2015,33,,72-6,10.1016/j.meegid.2015.04.013,"Kim LH, Cheong HS, Namgoong S, Kim JO, Kim JH, Park BL, et al. Replication of genome wide association studies on hepatocellular carcinoma susceptibility loci of STAT4 and HLA-DQ in a Korean population. Infect Genet Evol. 2015;33:72-6. doi:10.1016/j.meegid.2015.04.013. PMID:25913043."
27,17845309,HLA_DQ_HBV_HCC,DQA1/DQB1 alleles with chronic HBV cirrhosis and HCC,"Liu C, Cheng B","Association of polymorphisms of human leucocyte antigen-DQA1 and DQB1 alleles with chronic hepatitis B virus infection, liver cirrhosis and hepatocellular carcinoma in Chinese",Int J Immunogenet,2007,34,5,373-8,10.1111/j.1744-313X.2007.00702.x,"Liu C, Cheng B. Association of polymorphisms of human leucocyte antigen-DQA1 and DQB1 alleles with chronic hepatitis B virus infection, liver cirrhosis and hepatocellular carcinoma in Chinese. Int J Immunogenet. 2007;34(5):373-8. doi:10.1111/j.1744-313X.2007.00702.x. PMID:17845309."
28,30563535,HLA_DQB1_HBV,roles of HLA-DQB1 polymorphisms in HBV infection,"Ou G, Xu H, Yu H, Liu X, Yang L, Ji X, et al.",The roles of HLA-DQB1 gene polymorphisms in hepatitis B virus infection,J Transl Med,2018,16,1,362,10.1186/s12967-018-1716-z,"Ou G, Xu H, Yu H, Liu X, Yang L, Ji X, et al. The roles of HLA-DQB1 gene polymorphisms in hepatitis B virus infection. J Transl Med. 2018;16(1):362. doi:10.1186/s12967-018-1716-z. PMID:30563535."
29,24465366,HLA_HBV,HLA variation and chronic HBV infection,"Al-Qahtani AA, Al-Anazi MR, Abdo AA, Sanai FM, Al-Hamoudi W, Alswat KA, et al.",Association between HLA variations and chronic hepatitis B virus infection in Saudi Arabian patients,PLoS One,2014,9,1,e80445,10.1371/journal.pone.0080445,"Al-Qahtani AA, Al-Anazi MR, Abdo AA, Sanai FM, Al-Hamoudi W, Alswat KA, et al. Association between HLA variations and chronic hepatitis B virus infection in Saudi Arabian patients. PLoS One. 2014;9(1):e80445. doi:10.1371/journal.pone.0080445. PMID:24465366."
30,26197724,HLA_DQ_HBV,fine mapping HLA-DP/DQ clusters for HBV susceptibility,"Tao J, Su K, Yu C, Liu X, Wu W, Xu W, et al.",Fine mapping analysis of HLA-DP/DQ gene clusters on chromosome 6 reveals multiple susceptibility loci for HBV infection,Amino Acids,2015,47,12,2623-34,10.1007/s00726-015-2054-6,"Tao J, Su K, Yu C, Liu X, Wu W, Xu W, et al. Fine mapping analysis of HLA-DP/DQ gene clusters on chromosome 6 reveals multiple susceptibility loci for HBV infection. Amino Acids. 2015;47(12):2623-34. doi:10.1007/s00726-015-2054-6. PMID:26197724."
31,30160782,HLA_DQ_HBV_HCC,HLA-DQA1/DRB1 and HCC during entecavir treatment,"Kozuka R, Enomoto M, Sato-Matsubara M, Yoshida K, Motoyama H, Hagihara A, et al.",Association between HLA-DQA1/DRB1 polymorphism and development of hepatocellular carcinoma during entecavir treatment,J Gastroenterol Hepatol,2019,34,5,937-946,10.1111/jgh.14454,"Kozuka R, Enomoto M, Sato-Matsubara M, Yoshida K, Motoyama H, Hagihara A, et al. Association between HLA-DQA1/DRB1 polymorphism and development of hepatocellular carcinoma during entecavir treatment. J Gastroenterol Hepatol. 2019;34(5):937-946. doi:10.1111/jgh.14454. PMID:30160782."
32,1711541,HBV_core_CD4,immunodominant T-cell epitopes of HBV nucleocapsid,"Ferrari C, Bertoletti A, Penna A, Cavalli A, Valli A, Missale G, et al.",Identification of immunodominant T cell epitopes of the hepatitis B virus nucleocapsid antigen,J Clin Invest,1991,88,1,214-22,10.1172/JCI115280,"Ferrari C, Bertoletti A, Penna A, Cavalli A, Valli A, Missale G, et al. Identification of immunodominant T cell epitopes of the hepatitis B virus nucleocapsid antigen. J Clin Invest. 1991;88(1):214-22. doi:10.1172/JCI115280. PMID:1711541."
33,7538172,HBV_core_CD4,core/e antigen-specific CD4 T cells during seroconversion,"Jung MC, Diepolder HM, Spengler U, Wierenga EA, Zachoval R, Hoffmann RM, et al.",Activation of a heterogeneous hepatitis B (HB) core and e antigen-specific CD4+ T-cell population during seroconversion to anti-HBe and anti-HBs in hepatitis B virus infection,J Virol,1995,69,6,3358-68,10.1128/JVI.69.6.3358-3368.1995,"Jung MC, Diepolder HM, Spengler U, Wierenga EA, Zachoval R, Hoffmann RM, et al. Activation of a heterogeneous hepatitis B (HB) core and e antigen-specific CD4+ T-cell population during seroconversion to anti-HBe and anti-HBs in hepatitis B virus infection. J Virol. 1995;69(6):3358-68. doi:10.1128/JVI.69.6.3358-3368.1995. PMID:7538172."
34,7557849,HBV_core_CD4,T-helper response to HBV core antigen in chronic hepatitis B,"Marinos G, Torre F, Chokshi S, Hussain M, Clarke BE, Rowlands DJ, et al.",Induction of T-helper cell response to hepatitis B core antigen in chronic hepatitis B: a major factor in activation of the host immune response to the hepatitis B virus,Hepatology,1995,22,4 Pt 1,1040-9,10.1016/0270-9139(95)90607-x,"Marinos G, Torre F, Chokshi S, Hussain M, Clarke BE, Rowlands DJ, et al. Induction of T-helper cell response to hepatitis B core antigen in chronic hepatitis B: a major factor in activation of the host immune response to the hepatitis B virus. Hepatology. 1995;22(4 Pt 1):1040-9. doi:10.1016/0270-9139(95)90607-x. PMID:7557849."
35,9717974,HBV_core_CD4,HLA-DR13-associated viral clearance and CD4 response,"Diepolder HM, Jung MC, Keller E, Schraut W, Gerlach JT, Grüner N, et al.",A vigorous virus-specific CD4+ T cell response may contribute to the association of HLA-DR13 with viral clearance in hepatitis B,Clin Exp Immunol,1998,113,2,244-51,10.1046/j.1365-2249.1998.00665.x,"Diepolder HM, Jung MC, Keller E, Schraut W, Gerlach JT, Grüner N, et al. A vigorous virus-specific CD4+ T cell response may contribute to the association of HLA-DR13 with viral clearance in hepatitis B. Clin Exp Immunol. 1998;113(2):244-51. doi:10.1046/j.1365-2249.1998.00665.x. PMID:9717974."
36,10029624,HBV_core_processing,differential antigen processing of HBV e and core proteins,"Diepolder HM, Ries G, Jung MC, Schlicht HJ, Gerlach JT, Gr ner N, et al.",Differential antigen-processing pathways of the hepatitis B virus e and core proteins,Gastroenterology,1999,116,3,650-7,10.1016/s0016-5085(99)70187-3,"Diepolder HM, Ries G, Jung MC, Schlicht HJ, Gerlach JT, Gr ner N, et al. Differential antigen-processing pathways of the hepatitis B virus e and core proteins. Gastroenterology. 1999;116(3):650-7. doi:10.1016/s0016-5085(99)70187-3. PMID:10029624."
37,12466479,HBV_core_CD4,HLA-DR13 restricted HBV core CD4 epitopes,"Cao T, Desombere I, Vanlandschoot P, Sällberg M, Leroux-Roels G","Characterization of HLA DR13-restricted CD4(+) T cell epitopes of hepatitis B core antigen associated with self-limited, acute hepatitis B",J Gen Virol,2002,83,Pt 12,3023-3033,10.1099/0022-1317-83-12-3023,"Cao T, Desombere I, Vanlandschoot P, Sällberg M, Leroux-Roels G. Characterization of HLA DR13-restricted CD4(+) T cell epitopes of hepatitis B core antigen associated with self-limited, acute hepatitis B. J Gen Virol. 2002;83(Pt 12):3023-3033. doi:10.1099/0022-1317-83-12-3023. PMID:12466479."
38,14748060,HBV_core_CD4_mutation,core epitope mutations altering CD4 T-cell reactivity,"Torre F, Cramp M, Owsianka A, Dornan E, Marsden H, Carman W, et al.",Direct evidence that naturally occurring mutations within hepatitis B core epitope alter CD4+ T-cell reactivity,J Med Virol,2004,72,3,370-6,10.1002/jmv.20016,"Torre F, Cramp M, Owsianka A, Dornan E, Marsden H, Carman W, et al. Direct evidence that naturally occurring mutations within hepatitis B core epitope alter CD4+ T-cell reactivity. J Med Virol. 2004;72(3):370-6. doi:10.1002/jmv.20016. PMID:14748060."
39,7545853,HBV_core_MHCII,core antigen mutations in hepatomas within MHC-II restricted epitopes,"Hosono S, Tai PC, Wang W, Ambrose M, Hwang DG, Yuan TT, et al.",Core antigen mutations of human hepatitis B virus in hepatomas accumulate in MHC class II-restricted T cell epitopes,Virology,1995,212,1,151-62,10.1006/viro.1995.1463,"Hosono S, Tai PC, Wang W, Ambrose M, Hwang DG, Yuan TT, et al. Core antigen mutations of human hepatitis B virus in hepatomas accumulate in MHC class II-restricted T cell epitopes. Virology. 1995;212(1):151-62. doi:10.1006/viro.1995.1463. PMID:7545853."
40,18505168,HBV_epitope_review,systematic review of HBV T-cell epitopes and genotypic variation,"Desmond CP, Bartholomeusz A, Gaudieri S, Revill PA, Lewin SR","A systematic review of T-cell epitopes in hepatitis B virus: identification, genotypic variation and relevance to antiviral therapeutics",Antivir Ther,2008,13,2,161-75,,"Desmond CP, Bartholomeusz A, Gaudieri S, Revill PA, Lewin SR. A systematic review of T-cell epitopes in hepatitis B virus: identification, genotypic variation and relevance to antiviral therapeutics. Antivir Ther. 2008;13(2):161-75. PMID:18505168."
41,26684441,HBV_Tcell_dysfunction,HBV-specific and global T-cell dysfunction in chronic HBV,"Park JJ, Wong DK, Wahed AS, Lee WM, Feld JJ, Terrault N, et al.",Hepatitis B Virus--Specific and Global T-Cell Dysfunction in Chronic Hepatitis B,Gastroenterology,2016,150,3,684-695.e5,10.1053/j.gastro.2015.11.050,"Park JJ, Wong DK, Wahed AS, Lee WM, Feld JJ, Terrault N, et al. Hepatitis B Virus--Specific and Global T-Cell Dysfunction in Chronic Hepatitis B. Gastroenterology. 2016;150(3):684-695.e5. doi:10.1053/j.gastro.2015.11.050. PMID:26684441."
42,17868872,HBV_PD1,PD-1 upregulation and HBV-specific T-cell dysfunction,"Peng G, Li S, Wu W, Tan X, Chen Y, Chen Z",PD-1 upregulation is associated with HBV-specific T cell dysfunction in chronic hepatitis B patients,Mol Immunol,2008,45,4,963-70,10.1016/j.molimm.2007.07.038,"Peng G, Li S, Wu W, Tan X, Chen Y, Chen Z. PD-1 upregulation is associated with HBV-specific T cell dysfunction in chronic hepatitis B patients. Mol Immunol. 2008;45(4):963-70. doi:10.1016/j.molimm.2007.07.038. PMID:17868872."
43,20487259,HBV_PD1,PD-1/PD-L1 pathway and T-cell exhaustion in chronic hepatitis,"Watanabe T, Bertoletti A, Tanoto TA",PD-1/PD-L1 pathway and T-cell exhaustion in chronic hepatitis virus infection,J Viral Hepat,2010,17,7,453-8,10.1111/j.1365-2893.2010.01313.x,"Watanabe T, Bertoletti A, Tanoto TA. PD-1/PD-L1 pathway and T-cell exhaustion in chronic hepatitis virus infection. J Viral Hepat. 2010;17(7):453-8. doi:10.1111/j.1365-2893.2010.01313.x. PMID:20487259."
44,25789969,HBV_Tcell_exhaustion,T-cell exhaustion in chronic HBV review,"Ye B, Liu X, Li X, Kong H, Tian L, Chen Y",T-cell exhaustion in chronic hepatitis B infection: current knowledge and clinical significance,Cell Death Dis,2015,6,3,e1694,10.1038/cddis.2015.42,"Ye B, Liu X, Li X, Kong H, Tian L, Chen Y. T-cell exhaustion in chronic hepatitis B infection: current knowledge and clinical significance. Cell Death Dis. 2015;6(3):e1694. doi:10.1038/cddis.2015.42. PMID:25789969."
45,31390978,HBV_CD4_exhaustion,CD4 T-cell exhaustion with high PD-1/LAG-3 in chronic HBV,"Dong Y, Li X, Zhang L, Zhu Q, Chen C, Bao J, et al.",CD4+ T cell exhaustion revealed by high PD-1 and LAG-3 expression and the loss of helper T cell function in chronic hepatitis B,BMC Immunol,2019,20,1,27,10.1186/s12865-019-0309-9,"Dong Y, Li X, Zhang L, Zhu Q, Chen C, Bao J, et al. CD4+ T cell exhaustion revealed by high PD-1 and LAG-3 expression and the loss of helper T cell function in chronic hepatitis B. BMC Immunol. 2019;20(1):27. doi:10.1186/s12865-019-0309-9. PMID:31390978."
46,36963665,HBV_core_CD4_control,HBV core-specific CD4 T cells and sustained viral control,"Wen C, Zhou Y, Zhou Y, Wang Y, Dong Z, Gu S, et al.",HBV Core-specific CD4+ T cells correlate with sustained viral control upon off-treatment in HBeAg-positive chronic hepatitis B patients,Antiviral Res,2023,213,,105585,10.1016/j.antiviral.2023.105585,"Wen C, Zhou Y, Zhou Y, Wang Y, Dong Z, Gu S, et al. HBV Core-specific CD4+ T cells correlate with sustained viral control upon off-treatment in HBeAg-positive chronic hepatitis B patients. Antiviral Res. 2023;213:105585. doi:10.1016/j.antiviral.2023.105585. PMID:36963665."
47,34270940,HBV_Tcell_HCC,tumor-resident HBV-specific T-cell responses in HBV-associated HCC,"Cheng Y, Gunasegaran B, Singh HD, Dutertre CA, Loh CY, Lim JQ, et al.",Non-terminally exhausted tumor-resident memory HBV-specific T cell responses correlate with relapse-free survival in hepatocellular carcinoma,Immunity,2021,54,8,1825-1840.e7,10.1016/j.immuni.2021.06.013,"Cheng Y, Gunasegaran B, Singh HD, Dutertre CA, Loh CY, Lim JQ, et al. Non-terminally exhausted tumor-resident memory HBV-specific T cell responses correlate with relapse-free survival in hepatocellular carcinoma. Immunity. 2021;54(8):1825-1840.e7. doi:10.1016/j.immuni.2021.06.013. PMID:34270940."
48,38055623,HBV_PD1_therapy,HBV-specific T-cell IL-2 as biomarker of viral control and PD-1 response,"Chua C, Salimzadeh L, Ma AT, Adeyi OA, Seo H, Boukhaled GM, et al.",IL-2 produced by HBV-specific T cells as a biomarker of viral control and predictor of response to PD-1 therapy across clinical phases of chronic hepatitis B,Hepatol Commun,2023,7,12,e0337,10.1097/HC9.0000000000000337,"Chua C, Salimzadeh L, Ma AT, Adeyi OA, Seo H, Boukhaled GM, et al. IL-2 produced by HBV-specific T cells as a biomarker of viral control and predictor of response to PD-1 therapy across clinical phases of chronic hepatitis B. Hepatol Commun. 2023;7(12):e0337. doi:10.1097/HC9.0000000000000337. PMID:38055623."
49,32640609,HBV_HLAII_prediction,in silico HLA-II HBV peptide prediction,"Choga WT, Anderson M, Zumbika E, Phinius BB, Mbangiwa T, Bhebhe LN, et al.",In Silico Prediction of Human Leukocytes Antigen (HLA) Class II Binding Hepatitis B Virus (HBV) Peptides in Botswana,Viruses,2020,12,7,731,10.3390/v12070731,"Choga WT, Anderson M, Zumbika E, Phinius BB, Mbangiwa T, Bhebhe LN, et al. In Silico Prediction of Human Leukocytes Antigen (HLA) Class II Binding Hepatitis B Virus (HBV) Peptides in Botswana. Viruses. 2020;12(7):731. doi:10.3390/v12070731. PMID:32640609."
50,36582233,HBV_HLAI_proteogenomics,proteogenomic identification of HBV HLA-I peptides,"Srivastava M, Copin R, Choy A, Zhou A, Olsen O, Wolf S, et al.",Proteogenomic identification of Hepatitis B virus (HBV) genotype-specific HLA-I restricted peptides from HBV-positive patient liver tissues,Front Immunol,2022,13,,1032716,10.3389/fimmu.2022.1032716,"Srivastava M, Copin R, Choy A, Zhou A, Olsen O, Wolf S, et al. Proteogenomic identification of Hepatitis B virus (HBV) genotype-specific HLA-I restricted peptides from HBV-positive patient liver tissues. Front Immunol. 2022;13:1032716. doi:10.3389/fimmu.2022.1032716. PMID:36582233."
51,38749427,host_pathogen_genomics,host-pathogen genomic analysis of HBV mutations and HLA class I,"Xu ZM, Gnouamozi GE, Rüeger S, Shea PR, Buti M, Chan HL, et al.",Joint host-pathogen genomic analysis identifies hepatitis B virus mutations associated with human NTCP and HLA class I variation,Am J Hum Genet,2024,111,6,1018-1034,10.1016/j.ajhg.2024.04.013,"Xu ZM, Gnouamozi GE, Rüeger S, Shea PR, Buti M, Chan HL, et al. Joint host-pathogen genomic analysis identifies hepatitis B virus mutations associated with human NTCP and HLA class I variation. Am J Hum Genet. 2024;111(6):1018-1034. doi:10.1016/j.ajhg.2024.04.013. PMID:38749427."
52,39558162,IEDB,IEDB 2024 update,"Vita R, Blazeska N, Marrama D, IEDB Curation Team Members, Duesing S, Bennett J, et al.",The Immune Epitope Database (IEDB): 2024 update,Nucleic Acids Res,2025,53,D1,D436-D443,10.1093/nar/gkae1092,"Vita R, Blazeska N, Marrama D, IEDB Curation Team Members, Duesing S, Bennett J, et al. The Immune Epitope Database (IEDB): 2024 update. Nucleic Acids Res. 2025;53(D1):D436-D443. doi:10.1093/nar/gkae1092. PMID:39558162."
53,30357391,IEDB,IEDB 2018 update,"Vita R, Mahajan S, Overton JA, Dhanda SK, Martini S, Cantrell JR, et al.",The Immune Epitope Database (IEDB): 2018 update,Nucleic Acids Res,2019,47,D1,D339-D343,10.1093/nar/gky1006,"Vita R, Mahajan S, Overton JA, Dhanda SK, Martini S, Cantrell JR, et al. The Immune Epitope Database (IEDB): 2018 update. Nucleic Acids Res. 2019;47(D1):D339-D343. doi:10.1093/nar/gky1006. PMID:30357391."
54,31114900,IEDB_AR,IEDB analysis resource 2019,"Dhanda SK, Mahajan S, Paul S, Yan Z, Kim H, Jespersen MC, et al.",IEDB-AR: immune epitope database-analysis resource in 2019,Nucleic Acids Res,2019,47,W1,W502-W506,10.1093/nar/gkz452,"Dhanda SK, Mahajan S, Paul S, Yan Z, Kim H, Jespersen MC, et al. IEDB-AR: immune epitope database-analysis resource in 2019. Nucleic Acids Res. 2019;47(W1):W502-W506. doi:10.1093/nar/gkz452. PMID:31114900."
55,22610854,IEDB_AR,immune epitope database analysis resource,"Kim Y, Ponomarenko J, Zhu Z, Tamang D, Wang P, Greenbaum J, et al.",Immune epitope database analysis resource,Nucleic Acids Res,2012,40,Web Server issue,W525-30,10.1093/nar/gks438,"Kim Y, Ponomarenko J, Zhu Z, Tamang D, Wang P, Greenbaum J, et al. Immune epitope database analysis resource. Nucleic Acids Res. 2012;40(Web Server issue):W525-30. doi:10.1093/nar/gks438. PMID:22610854."
56,21047510,IEDB_Tcell_tools,T-cell epitope queries and tools in IEDB,"Kim Y, Sette A, Peters B",Applications for T-cell epitope queries and tools in the Immune Epitope Database and Analysis Resource,J Immunol Methods,2011,374,1-2,62-9,10.1016/j.jim.2010.10.010,"Kim Y, Sette A, Peters B. Applications for T-cell epitope queries and tools in the Immune Epitope Database and Analysis Resource. J Immunol Methods. 2011;374(1-2):62-9. doi:10.1016/j.jim.2010.10.010. PMID:21047510."
57,32406916,NetMHCIIpan,NetMHCIIpan 4.0 and NetMHCpan 4.1,"Reynisson B, Alvarez B, Paul S, Peters B, Nielsen M",NetMHCpan-4.1 and NetMHCIIpan-4.0: improved predictions of MHC antigen presentation by concurrent motif deconvolution and integration of MS MHC eluted ligand data,Nucleic Acids Res,2020,48,W1,W449-W454,10.1093/nar/gkaa379,"Reynisson B, Alvarez B, Paul S, Peters B, Nielsen M. NetMHCpan-4.1 and NetMHCIIpan-4.0: improved predictions of MHC antigen presentation by concurrent motif deconvolution and integration of MS MHC eluted ligand data. Nucleic Acids Res. 2020;48(W1):W449-W454. doi:10.1093/nar/gkaa379. PMID:32406916."
58,23900783,NetMHCIIpan,NetMHCIIpan 3.0 including HLA-DR DP DQ,"Karosiene E, Rasmussen M, Blicher T, Lund O, Buus S, Nielsen M","NetMHCIIpan-3.0, a common pan-specific MHC class II prediction method including all three human MHC class II isotypes, HLA-DR, HLA-DP and HLA-DQ",Immunogenetics,2013,65,10,711-24,10.1007/s00251-013-0720-y,"Karosiene E, Rasmussen M, Blicher T, Lund O, Buus S, Nielsen M. NetMHCIIpan-3.0, a common pan-specific MHC class II prediction method including all three human MHC class II isotypes, HLA-DR, HLA-DP and HLA-DQ. Immunogenetics. 2013;65(10):711-24. doi:10.1007/s00251-013-0720-y. PMID:23900783."
59,21073747,NetMHCIIpan,NetMHCIIpan 2.0 method development,"Nielsen M, Justesen S, Lund O, Lundegaard C, Buus S",NetMHCIIpan-2.0 - Improved pan-specific HLA-DR predictions using a novel concurrent alignment and weight optimization training procedure,Immunome Res,2010,6,,9,10.1186/1745-7580-6-9,"Nielsen M, Justesen S, Lund O, Lundegaard C, Buus S. NetMHCIIpan-2.0 - Improved pan-specific HLA-DR predictions using a novel concurrent alignment and weight optimization training procedure. Immunome Res. 2010;6:9. doi:10.1186/1745-7580-6-9. PMID:21073747."
60,18604266,NetMHCIIpan,original NetMHCIIpan HLA-DR prediction work,"Nielsen M, Lundegaard C, Blicher T, Peters B, Sette A, Justesen S, et al.",Quantitative predictions of peptide binding to any HLA-DR molecule of known sequence: NetMHCIIpan,PLoS Comput Biol,2008,4,7,e1000107,10.1371/journal.pcbi.1000107,"Nielsen M, Lundegaard C, Blicher T, Peters B, Sette A, Justesen S, et al. Quantitative predictions of peptide binding to any HLA-DR molecule of known sequence: NetMHCIIpan. PLoS Comput Biol. 2008;4(7):e1000107. doi:10.1371/journal.pcbi.1000107. PMID:18604266."
61,38646540,MHCII_prediction,assessment of MHC-II peptide presentation prediction methods,"Yang Y, Wei Z, Cia G, Song X, Pucci F, Rooman M, et al.",MHCII-peptide presentation: an assessment of the state-of-the-art prediction methods,Front Immunol,2024,15,,1293706,10.3389/fimmu.2024.1293706,"Yang Y, Wei Z, Cia G, Song X, Pucci F, Rooman M, et al. MHCII-peptide presentation: an assessment of the state-of-the-art prediction methods. Front Immunol. 2024;15:1293706. doi:10.3389/fimmu.2024.1293706. PMID:38646540."
62,38000035,MHCII_prediction,HLA-II antigen presentation prediction across loci,"Nilsson JB, Kaabinejadian S, Yari H, Kester MGD, van Balen P, Hildebrand WH, et al.",Accurate prediction of HLA class II antigen presentation across all loci using tailored data acquisition and refined machine learning,Sci Adv,2023,9,47,eadj6367,10.1126/sciadv.adj6367,"Nilsson JB, Kaabinejadian S, Yari H, Kester MGD, van Balen P, Hildebrand WH, et al. Accurate prediction of HLA class II antigen presentation across all loci using tailored data acquisition and refined machine learning. Sci Adv. 2023;9(47):eadj6367. doi:10.1126/sciadv.adj6367. PMID:38000035."
63,29315598,MHCII_prediction,improved MHC-II binding prediction methods,"Jensen KK, Andreatta M, Marcatili P, Buus S, Greenbaum JA, Yan Z, et al.",Improved methods for predicting peptide binding affinity to MHC class II molecules,Immunology,2018,154,3,394-406,10.1111/imm.12889,"Jensen KK, Andreatta M, Marcatili P, Buus S, Greenbaum JA, Yan Z, et al. Improved methods for predicting peptide binding affinity to MHC class II molecules. Immunology. 2018;154(3):394-406. doi:10.1111/imm.12889. PMID:29315598."
64,21092157,MHCII_prediction,peptide binding predictions for HLA-DR DP DQ molecules,"Wang P, Sidney J, Kim Y, Sette A, Lund O, Nielsen M, et al.","Peptide binding predictions for HLA DR, DP and DQ molecules",BMC Bioinformatics,2010,11,,568,10.1186/1471-2105-11-568,"Wang P, Sidney J, Kim Y, Sette A, Lund O, Nielsen M, et al. Peptide binding predictions for HLA DR, DP and DQ molecules. BMC Bioinformatics. 2010;11:568. doi:10.1186/1471-2105-11-568. PMID:21092157."
65,37301199,HLAII_immunopeptidomics,HLA-II immunopeptidome profiling and antigenicity learning,"Stražar M, Park J, Abelin JG, Taylor HB, Pedersen TK, Plichta DR, et al.",HLA-II immunopeptidome profiling and deep learning reveal features of antigenicity to inform antigen discovery,Immunity,2023,56,7,1681-1698.e13,10.1016/j.immuni.2023.05.009,"Stražar M, Park J, Abelin JG, Taylor HB, Pedersen TK, Plichta DR, et al. HLA-II immunopeptidome profiling and deep learning reveal features of antigenicity to inform antigen discovery. Immunity. 2023;56(7):1681-1698.e13. doi:10.1016/j.immuni.2023.05.009. PMID:37301199."
66,39558184,GenBank,GenBank 2025 update,"Sayers EW, Cavanaugh M, Frisse L, Pruitt KD, Schneider VA, Underwood BA, et al.",GenBank 2025 update,Nucleic Acids Res,2025,53,D1,D56-D61,10.1093/nar/gkae1114,"Sayers EW, Cavanaugh M, Frisse L, Pruitt KD, Schneider VA, Underwood BA, et al. GenBank 2025 update. Nucleic Acids Res. 2025;53(D1):D56-D61. doi:10.1093/nar/gkae1114. PMID:39558184."
67,37889039,GenBank,GenBank 2024 update,"Sayers EW, Cavanaugh M, Clark K, Pruitt KD, Sherry ST, Yankie L, et al.",GenBank 2024 Update,Nucleic Acids Res,2024,52,D1,D134-D137,10.1093/nar/gkad903,"Sayers EW, Cavanaugh M, Clark K, Pruitt KD, Sherry ST, Yankie L, et al. GenBank 2024 Update. Nucleic Acids Res. 2024;52(D1):D134-D137. doi:10.1093/nar/gkad903. PMID:37889039."
68,22080546,INSDC,International Nucleotide Sequence Database Collaboration,"Karsch-Mizrachi I, Nakamura Y, Cochrane G, International Nucleotide Sequence Database Collaboration",The International Nucleotide Sequence Database Collaboration,Nucleic Acids Res,2012,40,Database issue,D33-7,10.1093/nar/gkr1006,"Karsch-Mizrachi I, Nakamura Y, Cochrane G, International Nucleotide Sequence Database Collaboration. The International Nucleotide Sequence Database Collaboration. Nucleic Acids Res. 2012;40(Database issue):D33-7. doi:10.1093/nar/gkr1006. PMID:22080546."
69,25034481,HBV_genotype,HBV genotypes and genetic variability,Kramvis A,Genotypes and genetic variability of hepatitis B virus,Intervirology,2014,57,3-4,141-50,10.1159/000360947,Kramvis A. Genotypes and genetic variability of hepatitis B virus. Intervirology. 2014;57(3-4):141-50. doi:10.1159/000360947. PMID:25034481.
70,30406036,HBV_core_mutations,precore/core mutations and severe liver disease progression,"Al-Qahtani AA, Al-Anazi MR, Nazir N, Abdo AA, Sanai FM, Al-Hamoudi WK, et al.",The Correlation Between Hepatitis B Virus Precore/Core Mutations and the Progression of Severe Liver Disease,Front Cell Infect Microbiol,2018,8,,355,10.3389/fcimb.2018.00355,"Al-Qahtani AA, Al-Anazi MR, Nazir N, Abdo AA, Sanai FM, Al-Hamoudi WK, et al. The Correlation Between Hepatitis B Virus Precore/Core Mutations and the Progression of Severe Liver Disease. Front Cell Infect Microbiol. 2018;8:355. doi:10.3389/fcimb.2018.00355. PMID:30406036."
